公司名,职位名,工作地点,薪资水平
苏州爱启网络科技有限公司,golang,苏州,9000.0
慧码科技(苏州)有限公司,java,苏州-虎丘,5000.0
苏州启荣信息科技有限公司,c#,苏州,9000.0
深圳市讯方技术股份有限公司,golang,苏州-虎丘,10500.0
江苏明岱信息科技有限公司,java,苏州,10500.0
天津泰达低碳经济促进中心有限公司,java,苏州-吴中,17000.0
大宇宙商业服务(苏州)有限公司,java,苏州,15000.0
昂凯生命科技(苏州)有限公司,python,苏州-虎丘,20000.0
中达电子(江苏)有限公司,python,苏州,12000.0
湖北楚天龙实业有限公司,java,苏州-相城,18000.0
上海朱立业创业孵化器有限公司,java,苏州-虎丘,16500.0
苏州研途教育科技有限公司,python,苏州-虎丘,21000.0
软通动力信息技术(集团)股份有限公司,python,苏州-吴中,16500.0
外企德科,c++,苏州-虎丘,21000.0
苏州保控电子科技有限公司,java,苏州-虎丘,9000.0
苏州爱启网络科技有限公司,golang,苏州,9000.0
苏州瑞艾思机械设备有限公司,java,苏州-吴中,15000.0
外企德科,java,苏州-虎丘,22500.0
外企德科,c++,苏州-虎丘,24000.0
苏州兴财通用网络科技有限公司,java,苏州-姑苏,7000.0
常熟市景弘盛通信科技股份有限公司,java,苏州-常熟,6000.0
苏州众壳科技有限公司,java,苏州-吴中,8000.0
祎智量芯(江苏)电子科技有限公司,java,苏州-太仓,11500.0
苏州品创互联信息技术有限公司,java,苏州-虎丘,5000.0
南京百力奥网络科技有限公司,java,苏州-吴中,10500.0
智林(苏州)数字技术有限公司,java,苏州-吴中,15000.0
北京神州数字科技有限公司,java,苏州-吴中,15000.0
苏州七岭山信息科技有限公司,java,苏州-吴中,6000.0
苏州隆泰信息技术有限公司,java,苏州-虎丘,6000.0
广电运通,java,苏州-吴中,15000.0
北京捷科智诚科技有限公司,java,苏州-吴中,15500.0
深圳润术物联网技术有限公司,java,苏州-昆山,15500.0
南京百房通信息科技有限公司,java,苏州-吴中,10500.0
海隆软件(昆山)有限公司,java,苏州-昆山,6500.0
苏州振旺光电有限公司,c++,苏州-虎丘,11500.0
京北方,java,苏州-吴中,15000.0
上海共睿信息技术有限公司,java,苏州-吴中,16500.0
友谊时光科技股份有限公司,java,苏州,18000.0
国泰新点软件股份有限公司,c++,苏州-虎丘,11500.0
凌志软件,java,苏州-工业园区,10000.0
安徽质创未来数字科技有限公司,java,苏州-昆山,8500.0
北京开科唯识技术股份有限公司深圳分公司,java,苏州-吴中,15000.0
上海优集工业软件有限公司,java,苏州-吴中,15000.0
云计划软件科技,java,苏州-虎丘,10000.0
屹通信息,java,苏州-昆山,12500.0
珠海赞同科技有限公司,java,苏州-吴中,13000.0
南京卓尔博智能科技有限公司,java,苏州-虎丘,11500.0
宜通华瑞,java,苏州-昆山,10500.0
江苏谷科软件有限公司,java,苏州-张家港,12500.0
苏州航天系统工程有限公司,java,苏州-吴中,15000.0
江苏江南商贸集团有限责任公司,java,苏州-常熟,10500.0
南京至臻医疗科技发展有限公司,java,苏州-姑苏,15000.0
苏州七岭山信息科技有限公司,java,苏州-吴中,12000.0
郑州快码软件科技有限公司,java,苏州-虎丘,10500.0
苏州德沃,java,苏州-昆山,16000.0
杰信软件科技（苏州）有限公司,java,苏州-吴中,7500.0
华启智能,java,苏州,13000.0
中电金信软件有限公司,java,苏州,13000.0
江苏拓普森房地产资产评估规划测绘有限公司,java,苏州-吴中,12500.0
苏州兴财通用网络科技有限公司,java,苏州-姑苏,8500.0
郑州海奥软件科技有限公司,java,苏州-常熟,9500.0
苏州兴财通用网络科技有限公司,java,苏州-姑苏,8500.0
智联猎头,java,苏州,9000.0
京北方,java,苏州-吴中,14500.0
神彩科技股份有限公司,java,苏州,16000.0
上药控股有限公司,java,苏州-虎丘,17500.0
苏州清研精准汽车科技有限公司北京分公司,java,苏州-吴中,15000.0
厦门至恒融兴信息技术股份有限公司,java,苏州-吴中,17000.0
江苏谷科软件有限公司,java,苏州-吴中,12500.0
博彦科技,java,苏州-吴中,19000.0
京北方,java,苏州-吴中,20000.0
北京神州数字科技有限公司,java,苏州-吴中,13000.0
北京南天软件有限公司,java,苏州-吴中,15000.0
软通动力信息技术(集团)股份有限公司,java,苏州-吴中,15000.0
正将自动化设备（江苏）有限公司,.net,苏州-昆山,9000.0
南京展讯信息科技有限公司,java,苏州-常熟,15500.0
上海坤亿信息技术有限公司,golang,苏州-吴中,14500.0
邦鼎智能科技(苏州)有限公司,c#,苏州-相城,13000.0
凌志软件,java,苏州-虎丘,20000.0
北京神州数字科技有限公司,java,苏州-吴中,20000.0
苏州卓越光华信息技术有限公司,c#,苏州,12500.0
苏州方兴信息技术有限公司,java,苏州-张家港,9000.0
急速国际物流科技(深圳)有限公司,php,苏州-姑苏,12500.0
上海朗裕信息科技有限公司,java,苏州-吴中,9000.0
凌志软件,java,苏州-虎丘,11500.0
浩辰软件,c++,苏州,12500.0
溧阳储慧智能软件科技有限公司,java,苏州-吴中,17500.0
玉泉区力驰互联网科技工作室,php,苏州-姑苏,11500.0
苏州商路信息科技有限公司,c++,苏州-吴中,15000.0
北京宏诚创新科技有限公司,java,苏州-吴中,17500.0
苏州琨山通用锁具有限公司,java,苏州-昆山,17500.0
江苏安孚律师事务所,php,苏州-吴中,10500.0
苏州弘瀚自动化科技有限公司,c#,苏州-虎丘,19000.0
北京瑞友科技股份有限公司,python,苏州-吴中,19000.0
上海仙睿信息技术有限公司,java,苏州-姑苏,40000.0
江苏富士通通信技术有限公司,c++,苏州-高新区,10500.0
苏州市安孚企业管理信息咨询服务有限公司,php,苏州,11500.0
江苏惟德电力设备有限公司,php,苏州-姑苏,11500.0
法本信息,c#,苏州-吴中,13500.0
大健云仓科技(苏州)有限公司,php,苏州-虎丘,15000.0
博彦科技承德有限公司,c++,苏州-虎丘,19500.0
京北方,java,苏州-吴中,15500.0
上海坤亿信息技术有限公司,c++,苏州-吴中,12500.0
大易云计算,java,苏州-虎丘,25000.0
苏州人之众信息技术有限公司,python,苏州-吴中,17500.0
郑州炬承信息技术有限公司,java,苏州-常熟,15000.0
道元实业,c#,苏州-昆山,16500.0
成都科锐特汽车科技有限公司,c++,苏州,22500.0
苏州澜途科技有限公司,c++,苏州-相城,30000.0
苏州维伟思医疗科技有限公司,c#,苏州-虎丘,14000.0
上海坤亿信息技术有限公司,golang,苏州-吴中,15500.0
软通动力信息技术(集团)股份有限公司,java,苏州-虎丘,24000.0
先进数通,java,苏州-虎丘,25000.0
麦迪斯顿,.net,苏州-吴中,12500.0
苏州商路信息科技有限公司,c++,苏州-吴中,16500.0
无锡盛世网络科技有限公司,c++,苏州-虎丘,21500.0
上海坤亿信息技术有限公司,golang,苏州-吴中,12500.0
宇锋智能,c++,苏州-吴中,25000.0
急速国际物流科技(深圳)有限公司,php,苏州-姑苏,10000.0
国讯芯微(苏州)科技有限公司,c++,苏州-虎丘,24500.0
苏州金橙子激光技术有限公司,c++,苏州-虎丘,12500.0
苏州爱启网络科技有限公司,php,苏州,9000.0
鹤壁海昌智能科技股份有限公司,c#,苏州-昆山,19500.0
苏州杰锐思智能科技股份有限公司,c++,苏州-吴中,23000.0
佳运通电子科技（昆山）有限公司,.net,苏州-昆山,17500.0
苏州金色未来信息咨询股份有限公司,java,苏州-吴中,15000.0
外企德科,c++,苏州-虎丘,22500.0
深圳南区人瑞人力资源服务有限公司,java,苏州-姑苏,30000.0
苏州金色未来信息咨询股份有限公司,java,苏州-吴中,25000.0
外企德科,c++,苏州-虎丘,22500.0
苏州路腾软件有限公司,java,苏州-虎丘,6500.0
苏州金色未来信息咨询股份有限公司,java,苏州-吴中,22000.0
南京派格测控科技有限公司,c++,苏州-吴中,15000.0
外企德科,c++,苏州-虎丘,22500.0
苏州百硕风咨询有限公司,java,苏州,14500.0
南京佳强科技有限公司,java,苏州,9500.0
外企德科,java,苏州-虎丘,22500.0
江苏远大信息股份有限公司,java,苏州-张家港,7000.0
杰信软件科技（苏州）有限公司,java,苏州,3500.0
外企德科,java,苏州-虎丘,22500.0
外企德科,c++,苏州-虎丘,22500.0
苏州市企明科技有限公司,java,苏州-吴中,7000.0
外企德科,java,苏州-虎丘,26500.0
苏州空谷网络科技有限公司,java,苏州-虎丘,4000.0
数为科技(苏州)有限公司,java,苏州-吴中,11500.0
中讯志远(武汉)科技有限公司,java,苏州-虎丘,11000.0
外企德科,c++,苏州-虎丘,22500.0
苏州科之翼知识产权运营有限公司,java,苏州-虎丘,8000.0
江苏富士通通信技术有限公司,c#,苏州-高新区,9000.0
外企德科,c++,苏州-虎丘,22500.0
苏州浩宇南天信息科技有限公司,java,苏州,6000.0
苏州市企明科技有限公司,java,苏州-吴中,17500.0
永卓控股有限公司,.net,苏州-张家港,14000.0
外企德科,c++,苏州-虎丘,23500.0
外企德科,c++,苏州-虎丘,19500.0
拓德科技,java,苏州-工业园区,6500.0
苏州路腾软件有限公司,java,苏州-吴中,9000.0
祎智量芯(江苏)电子科技有限公司,c#,苏州-太仓,8000.0
外企德科,c++,苏州-虎丘,22500.0
外企德科,c++,苏州-虎丘,22500.0
苏州凌创电子系统有限公司,嵌入式,苏州,8000.0
外企德科,c++,苏州-虎丘,22500.0
外企德科,c++,苏州-虎丘,26500.0
江苏谷科软件有限公司,java,苏州,16000.0
苏州索拉科技有限公司,.net,苏州-姑苏,12000.0
软通动力信息技术(集团)股份有限公司,java,苏州-虎丘,15500.0
苏州滔为智能科技有限公司,c#,苏州-虎丘,6500.0
友谊时光科技股份有限公司,java,苏州,10000.0
苏州集畅自动化科技发展有限公司,.net,苏州,9000.0
苏州汇诚智通科技有限公司,java,苏州-吴中,9500.0
大健云仓科技(苏州)有限公司,java,苏州-虎丘,12500.0
苏州信亨自动化科技有限公司,java,苏州-工业园区,17500.0
杰信软件科技（苏州）有限公司,java,苏州-工业园区,6000.0
上海畅启软件有限公司,java,苏州-吴中,14000.0
法本信息,java,苏州-吴中,16000.0
苏州泰克赛威网络科技有限公司,c#,苏州-姑苏,7500.0
上海桓领信息科技有限公司,java,苏州,18000.0
昆仑太科(北京)技术股份有限公司,嵌入式,苏州-昆山,10500.0
苏州大尊装饰工程有限公司,java,苏州-吴中,18000.0
苏州奇流信息科技有限公司,python,苏州,9000.0
昆山贝尔特商务咨询有限公司,c#,苏州-虎丘,15000.0
苏州蓝博控制技术有限公司,嵌入式,苏州-工业园区,10000.0
南京迈特望科技股份有限公司,python,苏州-吴中,14000.0
斑马(昆山)智能信息科技有限公司,.net,苏州-昆山,7000.0
俐玛光电科技(北京)有限公司,c#,苏州-吴中,15000.0
杰信软件科技（苏州）有限公司,java,苏州-吴中,3500.0
江苏远大信息股份有限公司,java,苏州-张家港,12500.0
元动未来(北京)科技有限公司,.net,苏州-张家港,10500.0
国泰新点软件股份有限公司,.net,苏州-虎丘,11500.0
苏州卓越光华信息技术有限公司,c#,苏州,10500.0
苏州三光科技股份有限公司,嵌入式,苏州-虎丘,12000.0
凌志软件,java,苏州-虎丘,5000.0
中国电信苏州分公司,java,苏州-姑苏,13500.0
数为科技(苏州)有限公司,java,苏州-吴中,21500.0
苏州澜途科技有限公司,java,苏州-相城,20000.0
苏州城方信息技术有限公司,.net,苏州-吴中,15000.0
浙江艾罗网络能源技术股份有限公司,嵌入式,苏州-吴中,15000.0
斑马(昆山)智能信息科技有限公司,.net,苏州-昆山,11500.0
软通动力信息技术(集团)股份有限公司,java,苏州-吴中,16500.0
苏州弗士达科学仪器有限公司,c#,苏州-吴中,18000.0
苏州城方信息技术有限公司,python,苏州,9500.0
江苏惟德电力设备有限公司,php,苏州-姑苏,12500.0
北京泽佳科益科技有限公司,python,苏州-吴中,17000.0
日善电脑配件(嘉善)有限公司,c#,苏州,12500.0
东华软件股份公司,java,苏州-虎丘,9000.0
鸣志电器,嵌入式,苏州-太仓,7000.0
苏州卓越光华信息技术有限公司,c#,苏州,8000.0
苏州索拉科技有限公司,c#,苏州-姑苏,15000.0
郑州海奥软件科技有限公司,java,苏州-虎丘,9000.0
科大讯飞,c++,苏州-吴中,15000.0
苏州滔为智能科技有限公司,c#,苏州-虎丘,4500.0
普罗斯通信技术(苏州)有限公司,嵌入式,苏州-昆山,9500.0
苏州振旺光电有限公司,c++,苏州-虎丘,15000.0
大豪科技,嵌入式,苏州-常熟,15000.0
江苏江南商贸集团有限责任公司,c#,苏州-常熟,16000.0
深圳市优易控软件有限公司,c#,苏州-虎丘,12500.0
南京佳强科技有限公司,python,苏州-虎丘,9500.0
苏州卫捷医药科技有限公司,.net,苏州,9000.0
江苏鑫瑞源科技有限公司,python,苏州-虎丘,12500.0
苏州硅岛信息科技有限公司,嵌入式,苏州-虎丘,6000.0
苏州协同创新智能制造装备有限公司,java,苏州,17500.0
郑州海奥软件科技有限公司,java,苏州-常熟,14500.0
苏州冠鸿智能装备有限公司,c#,苏州-吴中,9000.0
苏州妙益科技股份有限公司,嵌入式,苏州-吴中,22500.0
江苏百顺智能物流设备有限公司,嵌入式,苏州,10500.0
大健云仓科技(苏州)有限公司,java,苏州-虎丘,12500.0
厦门聚视智创科技有限公司,c++,苏州-虎丘,15000.0
深圳市一页科技有限公司,.net,苏州-吴中,12500.0
阿米检测技术有限公司,python,苏州-相城,22500.0
星网锐捷,.net,苏州-虎丘,12500.0
郑州快码软件科技有限公司,c#,苏州-虎丘,10500.0
苏州能斯达电子科技有限公司,嵌入式,苏州-虎丘,15000.0
大连斯锐信息技术有限公司,c#,苏州,12000.0
京北方,java,苏州-吴中,14500.0
苏州隆士丹自动化技术有限公司,.net,苏州-虎丘,12500.0
上海坤亿信息技术有限公司,python,苏州-吴中,13500.0
大连斯锐信息技术有限公司,.net,苏州-虎丘,15500.0
外企德科,python,苏州-虎丘,22500.0
上海基甸信息科技有限公司,java,苏州-姑苏,12500.0
国泰新点软件股份有限公司,.net,苏州-张家港,11500.0
深圳飞音科技,c++,苏州-吴中,12000.0
科塞尔医疗科技(苏州)有限公司,嵌入式,苏州,13500.0
苏州隆泰信息技术有限公司,java,苏州-虎丘,8000.0
陕西付立得信息技术有限公司,java,苏州-吴中,14500.0
南京迈特望科技股份有限公司,python,苏州-吴中,12500.0
湖南拓维云创科技有限责任公司,python,苏州-虎丘,14000.0
江苏江南商贸集团有限责任公司,.net,苏州-常熟,10000.0
智联猎头,.net,苏州-姑苏,10000.0
苏州埃顿电力科技有限公司,java,苏州-虎丘,30000.0
苏州博通计算机科技有限公司,java,苏州,13500.0
欧德神思软件系统(北京)有限公司,c#,苏州-虎丘,10500.0
苏州苏繁自动化技术有限公司,.net,苏州-姑苏,19500.0
ユニークシステム株式会社,java,苏州,22500.0
苏州研途教育科技有限公司,python,苏州-虎丘,12500.0
凌志软件,java,苏州-虎丘,11500.0
软通动力信息技术(集团)股份有限公司,python,苏州-吴中,16500.0
郑州海奥软件科技有限公司,c#,苏州-吴中,13000.0
以诺康医疗科技(苏州)有限公司,嵌入式,苏州-虎丘,22500.0
苏州佳智彩光电科技有限公司,c#,苏州,19000.0
苏州空谷网络科技有限公司,java,苏州-虎丘,35000.0
郑州海奥软件科技有限公司,.net,苏州-吴中,10500.0
上海文华财经资讯股份有限公司,c++,苏州-虎丘,27500.0
苏州工业园区苏和航空试验技术有限公司,嵌入式,苏州-虎丘,11500.0
苏州光格科技股份有限公司,java,苏州,25000.0
苏州杰锐思智能科技股份有限公司,c#,苏州-吴中,17000.0
和顺电气股份,java,苏州,12500.0
天准公司,嵌入式,苏州,30000.0
苏州格道企业管理咨询有限公司,.net,苏州-虎丘,20000.0
南京星原云科技有限公司,python,苏州-虎丘,16000.0
安信株式会社,.net,苏州-虎丘,15000.0
外企德科,c++,苏州-虎丘,20500.0
博彦科技,c#,苏州-虎丘,12500.0
苏州洞悉科技有限公司,c++,苏州-昆山,20000.0
国讯芯微(苏州)科技有限公司,c++,苏州-虎丘,15000.0
上海仙睿信息技术有限公司,python,苏州,14000.0
苏州信亨自动化科技有限公司,c#,苏州,26500.0
软通动力信息技术(集团)股份有限公司,java,苏州-吴中,18000.0
赛业生物,python,苏州-太仓,16500.0
苏州典模电动科技有限公司,嵌入式,苏州,8500.0
苏州振旺光电有限公司,c++,苏州-虎丘,15000.0
中达电子(江苏)有限公司,c#,苏州,23000.0
苏州康鸿智能装备股份有限公司,c++,苏州,15000.0
软通动力信息技术(集团)股份有限公司,java,苏州-吴中,18000.0
威芯星智能科技(苏州)有限公司,嵌入式,苏州-吴中,17500.0
苏州弗格信息科技有限公司,c#,苏州-吴中,13000.0
苏州德睦信息科技有限公司,.net,苏州-相城,10000.0
苏州恩巨网络有限公司,c++,苏州,22500.0
国泰新点软件股份有限公司,.net,苏州-张家港,9000.0
苏州法斯特企业管理咨询有限公司,.net,苏州-虎丘,11000.0
江苏兰之天软件技术有限公司,.net,苏州-太仓,12000.0
湖北派易达人力资源有限公司,嵌入式,苏州-虎丘,14500.0
上海微创软件股份有限公司,python,苏州-虎丘,15000.0
苏州六子台科技有限公司,php,苏州-吴中,12500.0
邦鼎智能科技(苏州)有限公司,.net,苏州-相城,13000.0
苏州空谷网络科技有限公司,java,苏州-虎丘,15000.0
苏州市青英信息科技有限公司,c#,苏州,20000.0
外企德科,java,苏州-虎丘,22500.0
郑州纳石信息科技有限公司,.net,苏州-吴中,10500.0
普源精电科技股份有限公司,嵌入式,苏州,20000.0
青岛奥利普奇智智能工业技术有限公司,.net,苏州-姑苏,16500.0
泛普科技,php,苏州-虎丘,11500.0
欧立腾(北京)技术咨询有限公司上海分公司,python,苏州-吴中,13000.0
苏州格道企业管理咨询有限公司,嵌入式,苏州-虎丘,9000.0
苏州工业园区人力资源和社会保障局,java,苏州-虎丘,35000.0
浙江普康智慧养老产业科技有限公司,嵌入式,苏州,8000.0
苏州鸿鹄骐骥电子科技有限公司,嵌入式,苏州,12000.0
外企德科,c++,苏州-虎丘,17000.0
苏州光图智能科技有限公司,c++,苏州-虎丘,17000.0
郑州纳石信息科技有限公司,.net,苏州-吴中,11000.0
苏州冠鸿智能装备有限公司,c#,苏州-吴中,17500.0
慧灵科技,c#,苏州-昆山,17000.0
广州视源电子科技股份有限公司,c++,苏州-吴中,17500.0
苏州市福川科技有限公司,c++,苏州-虎丘,15000.0
三微电子科技(苏州)有限公司,c++,苏州-吴中,22500.0
江苏亨通太赫兹技术有限公司,c++,苏州,18000.0
苏州清研精准汽车科技有限公司北京分公司,c#,苏州-吴中,20000.0
广州虹科电子科技有限公司,嵌入式,苏州-虎丘,12000.0
湖南拓维云创科技有限责任公司,c++,苏州-虎丘,18500.0
江苏麦洛电气有限公司,嵌入式,苏州-姑苏,12000.0
云计划软件科技,java,苏州-吴中,7000.0
武汉金测检测技术有限公司,c#,苏州-昆山,12500.0
苏州市安孚企业管理信息咨询服务有限公司,php,苏州-吴中,25000.0
浩辰软件,c#,苏州,12500.0
全亿健康药房有限公司,.net,苏州-吴中,14500.0
苏州金橙子激光技术有限公司,c#,苏州-虎丘,18000.0
苏州格道企业管理咨询有限公司,c#,苏州-虎丘,20000.0
苏州空谷网络科技有限公司,php,苏州-虎丘,4000.0
苏州优备精密智能装备股份有限公司,c#,苏州-虎丘,18000.0
昆山亚得利智能科技有限公司,嵌入式,苏州-昆山,14000.0
苏州金色未来信息咨询股份有限公司,c#,苏州-吴中,17000.0
苏州正雄企业发展有限公司,java,苏州,27500.0
苏州吾域科技有限公司,python,苏州-吴中,17500.0
博彦科技承德有限公司,c++,苏州-虎丘,17500.0
苏州硕实电子科技有限公司,嵌入式,苏州-相城,17500.0
苏州格道企业管理咨询有限公司,java,苏州-虎丘,16000.0
昆山市工业技术研究院有限责任公司,嵌入式,苏州,15000.0
苏州艾氪英诺机器人科技有限公司,c++,苏州-相城,24500.0
急速国际物流科技(深圳)有限公司,php,苏州-姑苏,10000.0
苏州视印智能系统有限公司,嵌入式,苏州,11500.0
苏州金色未来信息咨询股份有限公司,c#,苏州-吴中,12500.0
苏州艾氪英诺机器人科技有限公司,c++,苏州-相城,20000.0
北京帝森克罗德技术有限公司,嵌入式,苏州-昆山,12000.0
深圳市德晟达电子科技有限公司,嵌入式,苏州-虎丘,27500.0
昆山凯蓝环保科技有限公司,嵌入式,苏州-昆山,11500.0
郑州海奥软件科技有限公司,.net,苏州-吴中,13000.0
北京启融科技有限公司,嵌入式,苏州-吴中,32500.0
江苏苏净集团有限公司,嵌入式,苏州,9500.0
江苏兰之天软件技术有限公司,.net,苏州-太仓,12000.0
ユニークシステム株式会社,.net,苏州,17500.0
乐普医疗,c++,苏州-虎丘,19000.0
成都卓影科技股份有限公司,java,上海-浦东,15500.0
上海太屋网络科技有限公司,java,上海-浦东,14000.0
蓝聪科技(上海)股份有限公司,java,上海-浦东,11000.0
上海金亥通信设备有限公司,java,上海-浦东,11500.0
成都迈思信息技术有限公司,java,上海-徐汇,18500.0
上海宝掣科技有限公司,java,上海-宝山,9500.0
杭州茵岢科技有限责任公司,golang,上海-杨浦,15500.0
沛德光电科技(上海)有限公司,java,上海-浦东,20000.0
德科信息有限公司,java,上海-青浦,18000.0
杭州尽良筹物业管理有限公司,java,上海-浦东,20000.0
北京中软环球信息技术有限公司,java,上海-黄浦,15500.0
熠保科技(上海)有限公司,python,上海-浦东,25000.0
上海复深蓝软件股份有限公司,java,上海-黄浦,17000.0
武汉讯锡云科技有限公司,python,上海-青浦,23500.0
吉祥航空,java,上海,21500.0
上海智能制造功能平台有限公司,.net,上海-浦东,23500.0
万宝盛华企业管理咨询(上海)有限公司北京分公司,php,上海-浦东,27500.0
上海众茂医疗科技有限公司,java,上海-浦东,17500.0
上海术丛智能科技有限责任公司,java,上海-徐汇,21500.0
聚禾未来供应链科技(上海)有限公司,java,上海-浦东,17500.0
上海金亥通信设备有限公司,java,上海-浦东,22500.0
万宝盛华企业管理咨询(上海)有限公司北京分公司,java,上海-静安,35000.0
中科软科技股份有限公司,java,上海-浦东,15000.0
拼多多,java,上海-长宁,32500.0
瞬联讯通科技(北京)有限公司,java,上海-黄浦,18500.0
上海憬芯科技有限公司,python,上海-杨浦,18000.0
上海澄域环保工程有限公司,.net,上海-奉贤,16000.0
燕梭金融信息科技(上海)有限公司,java,上海-徐汇,17500.0
中信期货有限公司,java,上海-浦东,16000.0
巧数(上海)网络科技有限公司,php,上海-浦东,20000.0
上海信息人才服务有限公司,golang,上海-浦东,26500.0
无锡奥维斯管理咨询有限公司,java,上海-黄浦,19000.0
人车云(广州)网络科技有限公司,java,上海-闵行,25000.0
上海嘉扬人力资源管理有限公司,c#,上海-青浦,22500.0
上海沸橙信息科技有限公司,c++,上海-浦东,19000.0
博彦科技,golang,上海-徐汇,21500.0
外企德科,c++,上海-浦东,26500.0
上海艾杰飞人才管理咨询有限公司,c#,上海-闵行,22500.0
上海沃锐企业发展有限公司,java,上海-黄浦,17500.0
外企德科,java,上海-浦东,22000.0
护航科技股份有限公司,java,上海-浦东,16000.0
外企德科,java,上海-浦东,22500.0
安徽思脉网络信息服务有限公司,java,上海-浦东,5500.0
外企德科,c++,上海-浦东,22500.0
北京恩穗企业咨询有限责任公司,golang,上海-徐汇,52500.0
武汉佰钧成技术有限责任公司,java,上海-松江,22500.0
智联猎头,java,上海-杨浦,19000.0
外企德科,java,上海-浦东,22500.0
上海绯逸信息技术有限公司,java,上海-浦东,17000.0
无锡奥维斯管理咨询有限公司,java,上海-黄浦,20500.0
深圳南区人瑞人力资源服务有限公司,java,上海-徐汇,30000.0
外企德科,c++,上海,28000.0
上海特密物流有限公司,java,上海-浦东,11000.0
上海有亿信息科技有限公司,java,上海-闵行,8500.0
上海中科软科技有限公司,java,上海,12000.0
上海云瀚科技股份有限公司,java,上海-徐汇,4500.0
上海喆思电子技术有限公司,java,上海-黄浦,7000.0
上海正蓝电子信息系统有限公司,java,上海-徐汇,10000.0
智联猎头,java,上海-黄浦,15000.0
上海鸣皋教育科技有限公司,java,上海-宝山,8000.0
上海盈开美健网络科技有限公司,java,上海,12000.0
上海长庚信息技术股份有限公司,java,上海,10000.0
上海晨钦信息科技服务有限公司,java,上海-浦东,13500.0
上海宁盾信息科技有限公司,java,上海-徐汇,15000.0
博彦科技,java,上海-浦东,16500.0
京北方,java,上海-黄浦,13000.0
上海新朋程数据科技发展有限公司,java,上海,9500.0
珠海赞同科技有限公司,java,上海-虹口,17500.0
北京汉克时代科技有限公司,java,上海-浦东,11500.0
上海蓝桂汽车科技有限公司,java,上海,12000.0
上海无学网络科技有限公司,java,上海-徐汇,8000.0
沈阳东硕信息技术有限公司,java,上海-宝山,11000.0
申朴信息,java,上海-浦东,17000.0
上海数慧系统技术有限公司,java,上海-浦东,11500.0
皓炼投资(深圳)有限公司,java,上海-杨浦,11500.0
上海中汇亿达金融信息技术有限公司,java,上海-浦东,12500.0
广州市新文溯科技有限公司,java,上海-浦东,11500.0
北京领雁科技股份有限公司,java,上海-浦东,11000.0
中科软科技股份有限公司,java,上海-浦东,10500.0
深圳市嘉卉互联科技有限公司,java,上海-浦东,14500.0
上海太屋网络科技有限公司,java,上海-浦东,12000.0
上海久华信息科技股份有限公司,java,上海,12000.0
长三角安能新能源科技(上海)有限公司,java,上海-长宁,21500.0
上海天正信息科技有限公司,java,上海-浦东,9500.0
汇纳科技,java,上海-浦东,10000.0
上海赫则信息科技有限公司,java,上海-闵行,13000.0
沈阳东硕信息技术有限公司,java,上海-宝山,10500.0
上海天畅信息技术有限公司,java,上海-浦东,16500.0
上海儒一信息科技有限公司,java,上海-浦东,15000.0
有启(上海)信息科技有限公司,java,上海-徐汇,7000.0
朗新科技集团股份有限公司,java,上海-浦东,9500.0
上海晨钦信息科技服务有限公司,java,上海-浦东,17500.0
创趋科技(上海)股份有限公司,java,上海-虹口,15000.0
爱绿教育,java,上海-闵行,15000.0
软通动力信息技术(集团)股份有限公司,java,上海-杨浦,15500.0
京北方,java,上海-黄浦,14000.0
上海思普信息技术有限公司,java,上海-徐汇,13000.0
上海中科软科技有限公司,java,上海-徐汇,12000.0
上海云瀚科技股份有限公司,java,上海-徐汇,13500.0
法本信息,java,上海-徐汇,15000.0
中芯国际集成电路制造(上海)有限公司,java,上海,12500.0
上海能誉科技股份有限公司,java,上海-浦东,14000.0
上海思普信息技术有限公司,c++,上海-徐汇,11500.0
莒南县博大信息技术有限公司,java,上海-嘉定,10000.0
中科软科技股份有限公司,java,上海,16000.0
上海天正软件有限公司,java,上海-浦东,14000.0
拜椰特(上海)软件技术有限公司,java,上海,15000.0
星网信通,java,上海-徐汇,12000.0
上海孟伯智能物联网科技有限公司,java,上海-宝山,13500.0
长城保险经纪有限公司,java,上海-普陀,11500.0
北京启众软件科技有限公司,java,上海-浦东,12500.0
合肥凯捷技术有限公司,java,上海-徐汇,12000.0
上海平欣电子有限公司,java,上海-浦东,10500.0
京北方,java,上海-浦东,16500.0
广州宝巨科技有限公司,java,上海-杨浦,15000.0
上海博为峰软件技术股份有限公司,java,上海-浦东,15500.0
北京中佳瑞通科技有限公司,java,上海-浦东,13000.0
北京高阳金信信息技术有限公司,java,上海-浦东,12500.0
维恩贝特科技有限公司,java,上海-浦东,15000.0
京北方,java,上海-浦东,14500.0
上海嘉勉信息技术有限公司,java,上海,11500.0
深圳市拓保软件有限公司,java,上海-浦东,14500.0
仁卅信息科技(上海)有限公司,java,上海-普陀,11500.0
远弘信息技术(上海)有限公司,java,上海-闵行,16000.0
北京大美金信科技有限公司,java,上海-静安,9500.0
湖南金烽信息科技有限公司,java,上海-浦东,13500.0
中科软科技股份有限公司,java,上海-浦东,15000.0
上海德慧信息技术有限公司,java,上海-徐汇,13500.0
北京鼎薪科技有限公司,java,上海-浦东,15000.0
上海柏维信息技术有限公司,java,上海-静安,13500.0
成都卓影科技股份有限公司,java,上海-浦东,13000.0
韩泰轮胎,java,上海-徐汇,8000.0
海通安恒科技股份有限公司,java,上海-黄浦,16000.0
吉贝克信息技术,java,上海-浦东,17500.0
上海春笛信息科技有限公司,java,上海-浦东,13500.0
上海威联信息技术有限公司,java,上海-浦东,12000.0
上海勤电信息科技有限公司,java,上海,18500.0
天阳科技,java,上海-浦东,16500.0
沈阳东硕信息技术有限公司,java,上海-宝山,12000.0
盛唐科技(北京)有限公司,java,上海-浦东,11500.0
上海平欣电子有限公司,java,上海-静安,10500.0
上海晨钦信息科技服务有限公司,java,上海-浦东,19500.0
上海普元信创软件技术有限公司,java,上海-浦东,16500.0
申朴信息,java,上海-浦东,16000.0
深圳华云信息系统有限公司,java,上海-青浦,10500.0
先进数通,java,上海-浦东,14500.0
上海汉朔信息科技有限公司,java,上海-浦东,17500.0
北京亚康万玮信息技术股份有限公司,java,上海-青浦,13000.0
兰州沐先信息科技咨询有限公司,java,上海-静安,9000.0
沈阳东硕信息技术有限公司,c++,上海-宝山,10500.0
北京新致君阳信息技术有限公司,java,上海-浦东,17000.0
北京乐可威信息技术有限公司,java,上海-闵行,16500.0
深圳市鼎驰科技发展有限公司,java,上海-浦东,14000.0
京北方,java,上海-黄浦,14500.0
易思康(上海)信息技术有限公司,java,上海-闵行,15000.0
上海坤亿信息技术有限公司,java,上海-浦东,13500.0
上海伟豪建设工程有限公司,java,上海-静安,22500.0
上海新晨信息集成系统有限公司,java,上海-浦东,12000.0
沈阳东硕信息技术有限公司,c++,上海-宝山,9000.0
盛唐科技(北京)有限公司,java,上海-浦东,17000.0
苏州七剑软件有限公司,java,上海-浦东,12500.0
北京神州新桥科技有限公司,java,上海-浦东,15000.0
上海晨钦信息科技服务有限公司,java,上海-浦东,18000.0
上海汉升软件有限公司,java,上海-浦东,16000.0
上海嘉勉信息技术有限公司,java,上海,7000.0
维恩贝特科技有限公司,java,上海-浦东,13000.0
上海晨钦信息科技服务有限公司,java,上海-浦东,13000.0
福州世纪飞扬电子技术有限公司,java,上海-浦东,15500.0
长亮科技,java,上海-浦东,15500.0
上海裕日软件有限公司,java,上海-浦东,17500.0
平安国际融资租赁有限公司,java,上海-浦东,19000.0
博彦科技,java,上海-浦东,16000.0
上海建科集团股份有限公司,java,上海,16000.0
上海城市地理信息系统发展有限公司,java,上海-徐汇,18000.0
深圳市拓保软件有限公司,java,上海-浦东,10000.0
上海电科智能,java,上海-普陀,12000.0
探路工程项目管理(上海)有限公司,java,上海,4500.0
上海特速网络科技有限公司,python,上海-浦东,9000.0
中科软科技股份有限公司,java,上海-松江,14000.0
软通动力信息技术(集团)股份有限公司,java,上海-浦东,18500.0
上海儒一信息科技有限公司,java,上海-浦东,14500.0
重庆玉越信息技术有限公司,java,上海-静安,10000.0
上海坤亿信息技术有限公司,java,上海-长宁,14000.0
上海晨钦信息科技服务有限公司,java,上海-浦东,18500.0
北京神州数字科技有限公司,java,上海-浦东,16500.0
上海西派埃智能化系统有限公司,java,上海,15000.0
小鹏汽车,java,上海-静安,12500.0
华研信息技术(上海)有限公司,java,上海-浦东,15500.0
上海锐赢,java,上海-杨浦,13500.0
博彦科技,java,上海-杨浦,15000.0
深圳市睿服科技有限公司,java,上海-浦东,16500.0
上海玉越信息技术有限公司,java,上海-徐汇,14000.0
信华信技术(昆山)有限公司,java,上海-浦东,16000.0
上海北辰软件股份有限公司,java,上海-浦东,15000.0
软通动力信息技术(集团)股份有限公司,java,上海-宝山,15500.0
大连元数科技有限公司,java,上海-虹口,14000.0
上海北辰软件股份有限公司,java,上海-浦东,15000.0
华信永益(北京)信息技术有限公司,java,上海-浦东,20000.0
深圳新思,java,上海-徐汇,13500.0
上海坤亿信息技术有限公司,java,上海-嘉定,13500.0
南京功城狮网络科技有限公司,java,上海-黄浦,14000.0
北京卓为科技有限公司,java,上海-静安,16500.0
北京大美金信科技有限公司,java,上海-静安,11000.0
上海汉朔信息科技有限公司,java,上海-浦东,15500.0
上海翕振信息技术有限公司,java,上海-浦东,16000.0
上海锐赢,java,上海-浦东,18000.0
成都迈思信息技术有限公司,java,上海-浦东,13500.0
江苏智蓝信息科技有限公司,java,上海-徐汇,16500.0
上海宝金信息科技有限公司,java,上海-静安,19000.0
北京高阳金信信息技术有限公司,java,上海-浦东,12500.0
上海有大信息科技,java,上海-浦东,14500.0
赢时胜,java,上海-浦东,19000.0
上海新晨信息集成系统有限公司,java,上海-徐汇,17500.0
深圳华云信息系统有限公司,java,上海-青浦,11000.0
上海今创信息技术有限公司徐州云龙分公司,java,上海-长宁,17500.0
新大陆支付,java,上海-浦东,17500.0
上海复深蓝软件股份有限公司,java,上海-徐汇,12000.0
中科软科技股份有限公司,java,上海-黄浦,12500.0
帆立科技,java,上海-浦东,19500.0
上海复深蓝软件股份有限公司,java,上海-浦东,19500.0
上海西派埃智能化系统有限公司,java,上海,11500.0
上海微洛思科技有限公司,java,上海-闵行,17500.0
安徽维思德信息技术有限公司,java,上海-徐汇,22500.0
合肥凯捷技术有限公司,java,上海-徐汇,14500.0
上海必是科技有限公司,java,上海-宝山,12500.0
大连英智科技有限公司,java,上海-浦东,20500.0
上海思创同行网络技术有限公司,java,上海-浦东,20000.0
创新奇智(北京)科技有限公司,java,上海-徐汇,14000.0
上海余行商务信息咨询服务有限公司,java,上海-闵行,15500.0
上海兴岩信息科技有限公司,java,上海-黄浦,17000.0
上海蓝鸟机电有限公司,java,上海-普陀,12000.0
杭州友声科技股份有限公司,java,上海-浦东,14000.0
新大陆支付,java,上海-浦东,13500.0
华荣股份,java,上海-嘉定,9000.0
武汉佰钧成技术有限责任公司,java,上海-浦东,15500.0
上海乐雅健康科技有限公司,java,上海-浦东,18000.0
京北方,java,上海-浦东,16500.0
上海天籍信息科技有限公司,java,上海-虹口,17500.0
盛唐科技(北京)有限公司,java,上海-浦东,14000.0
上海锐赢,java,上海-浦东,16500.0
上海鸣皋教育科技有限公司,java,上海-宝山,15000.0
信必优,java,上海-黄浦,17000.0
上海春笛信息科技有限公司,java,上海-浦东,15000.0
上海逸羽企业管理咨询有限公司,java,上海-浦东,24000.0
上海有大信息科技,java,上海-浦东,15500.0
上海磊璨信息科技有限公司,java,上海-杨浦,20000.0
上海中远海运资讯科技有限公司,java,上海,22500.0
浪潮集团,java,上海-浦东,13500.0
世纪怡嘉软件科技有限公司,java,上海-嘉定,18500.0
新宇联安信息科技(北京)有限公司,java,上海-浦东,16000.0
北京汉克时代科技有限公司,java,上海-静安,17000.0
上海儒一信息科技有限公司,java,上海-黄浦,19000.0
软通动力信息技术(集团)股份有限公司,java,上海-闵行,20500.0
上海普元信创软件技术有限公司,java,上海-浦东,17000.0
上海易碳数字科技有限公司,java,上海,18000.0
上海中科新微信息科技园有限公司,php,上海,12000.0
埃林哲,java,上海-青浦,22500.0
北京卓为科技有限公司,java,上海-浦东,16500.0
上海坤亿信息技术有限公司,java,上海-长宁,14500.0
中联投(上海)数字科技有限公司,java,上海-杨浦,15000.0
郑州软通合力计算机技术有限公司,java,上海-浦东,19000.0
法本信息,java,上海-普陀,19000.0
上海识装信息科技有限公司,java,上海,32500.0
北京大美金信科技有限公司,java,上海-嘉定,16500.0
华乘科技,c++,上海-闵行,26500.0
上海有大信息科技,java,上海-浦东,16500.0
上海仰源自动化技术有限公司,c#,上海,9000.0
易诚互动,java,上海-浦东,14500.0
善能生态集团有限公司,java,上海-浦东,22500.0
深圳市拓保软件有限公司,java,上海-浦东,16500.0
北京开科唯识技术股份有限公司深圳分公司,java,上海-浦东,17500.0
杭州同帆科技有限公司,java,上海-徐汇,32500.0
上海锐赢,java,上海-浦东,13500.0
上海中汇亿达金融信息技术有限公司,java,上海-浦东,14500.0
康嘉信息,java,上海-闵行,20000.0
东方国信,java,上海-浦东,18000.0
深圳市睿服科技有限公司,java,上海-浦东,18500.0
易诚互动,java,上海-浦东,15000.0
深圳市嘉卉互联科技有限公司,java,上海-浦东,20000.0
易宝软件科技(南京)有限公司,java,上海-闵行,18000.0
用友网络科技股份有限公司,java,上海,20500.0
法本信息,java,上海,19000.0
上海比孚信息科技有限公司,java,上海-杨浦,22500.0
上海中科软科技有限公司,java,上海-浦东,17500.0
拜特科技,java,上海-长宁,15000.0
法本信息,java,上海-虹口,14000.0
中储智运,java,上海-浦东,22500.0
上海安进投资管理有限公司,java,上海,22500.0
鹏讯科技(大连)有限公司,java,上海-黄浦,14000.0
合肥凯捷技术有限公司,java,上海,16000.0
上海新华控制技术集团科技有限公司,java,上海-闵行,25000.0
经纬恒润,java,上海-徐汇,15000.0
上海锐赢,java,上海-浦东,18500.0
深圳极联信息技术股份有限公司,java,上海-浦东,20000.0
北京大美金信科技有限公司,java,上海-嘉定,13000.0
上海新朋程数据科技发展有限公司,java,上海,20000.0
上海德慧信息技术有限公司,java,上海-松江,17500.0
南京零探智能科技有限公司,php,上海-徐汇,30000.0
烟台鲁科思科技有限公司,java,上海-静安,15000.0
博彦科技,java,上海-浦东,20000.0
上海药明生物技术有限公司,java,上海-浦东,15000.0
法本信息,java,上海-浦东,20000.0
京北方,java,上海-浦东,25500.0
北京深度创远教育科技有限公司,java,上海-徐汇,26500.0
上海熙软科技有限公司,java,上海-杨浦,19500.0
拼多多,java,上海-长宁,45000.0
上海坤亿信息技术有限公司,java,上海-长宁,14500.0
深圳极联信息技术股份有限公司,java,上海-虹口,20000.0
北京深度创远教育科技有限公司,java,上海-徐汇,30000.0
软通动力信息技术(集团)股份有限公司,java,上海-浦东,17500.0
上海顺凯信息技术有限公司,java,上海-杨浦,16000.0
信必优(深圳)信息技术有限公司,java,上海-浦东,12500.0
重庆玉越信息技术有限公司,java,上海-浦东,16000.0
软通动力信息技术(集团)股份有限公司,java,上海-虹口,12500.0
上海萌飞萌科技有限公司,java,上海-浦东,30000.0
上海畅启软件有限公司,java,上海-长宁,20500.0
上海有大信息科技,c++,上海-浦东,15000.0
上海太屋网络科技有限公司,java,上海-徐汇,25000.0
上海信息人才服务有限公司,golang,上海-浦东,18000.0
上海登飞计算机科技有限公司,java,上海-徐汇,22000.0
央广云听文化传媒有限公司,java,上海,22500.0
中电金信软件有限公司,java,上海-浦东,15000.0
金桥信息,java,上海,21000.0
中科软科技股份有限公司,java,上海,14000.0
上海太屋网络科技有限公司,java,上海-静安,18000.0
法本信息,java,上海-虹口,16000.0
上海锐赢,java,上海-虹口,18500.0
上海新华传媒文化传播有限公司,java,上海-宝山,20000.0
博彦科技,golang,上海-徐汇,25000.0
上海外高桥企业发展促进中心有限公司,java,上海,21500.0
上海柏维信息技术有限公司,java,上海-静安,19000.0
中电金信软件有限公司,java,上海-浦东,16500.0
柯莱特科技有限责任公司,java,上海-浦东,18500.0
深圳市嘉卉互联科技有限公司,java,上海-浦东,20000.0
上海微创软件股份有限公司,golang,上海-浦东,15500.0
北京联龙博通电子商务技术有限公司,java,上海-长宁,21000.0
北京开科唯识技术股份有限公司深圳分公司,java,上海-浦东,16500.0
契约锁,java,上海-闵行,25000.0
大连斯锐信息技术有限公司,java,上海-浦东,19500.0
浪潮集团,java,上海-浦东,18000.0
上海太屋网络科技有限公司,java,上海-徐汇,24000.0
法本信息,java,上海-静安,17500.0
上海派拉软件股份有限公司,c++,上海-浦东,27500.0
万达信息,java,上海-闵行,32500.0
上海坤亿信息技术有限公司,java,上海-嘉定,13000.0
上海汉朔信息科技有限公司,java,上海-浦东,16500.0
上海共睿信息技术有限公司,java,上海-浦东,17000.0
厦门至恒融兴信息技术股份有限公司,java,上海-浦东,17500.0
北京神州数字科技有限公司,java,上海-浦东,15500.0
厦门至恒融兴信息技术股份有限公司,java,上海-浦东,17500.0
上海复深蓝软件股份有限公司,java,上海-浦东,16500.0
昆仑太科(北京)技术股份有限公司,java,上海,16000.0
中电金信软件有限公司,java,上海-徐汇,15000.0
上海复深蓝软件股份有限公司,java,上海-浦东,16500.0
天阳科技,java,上海-黄浦,18000.0
格林豪泰酒店（中国）有限公司,java,上海-嘉定,27500.0
博彦科技承德有限公司,java,上海-浦东,15500.0
厦门至恒融兴信息技术股份有限公司,java,上海-黄浦,16500.0
万达信息,java,上海-闵行,25000.0
长亮科技,java,上海-浦东,20000.0
上海坤亿信息技术有限公司,java,上海-浦东,17500.0
先进数通,java,上海-浦东,18500.0
金锐软件技术(杭州)有限公司,c++,上海-浦东,21500.0
大连斯锐信息技术有限公司,java,上海-虹口,15500.0
易宝软件科技(南京)有限公司,java,上海-浦东,13000.0
中科软科技股份有限公司,java,上海-虹口,19500.0
拼多多,java,上海,47500.0
新意科技,c++,上海-普陀,22500.0
上海卓畅信息技术有限公司,c#,上海-浦东,21000.0
永升物业,java,上海-闵行,20000.0
上海汉升软件有限公司,java,上海-徐汇,15000.0
上海倍通医药科技咨询有限公司,java,上海-黄浦,23000.0
上海云瀚科技股份有限公司,java,上海-徐汇,24000.0
上海锐赢,java,上海-浦东,16500.0
中电金信软件有限公司,java,上海-浦东,17000.0
