"0","苏州爱启网络科技有限公司","后端开发程序员","苏州-吴江","6千-1.2万"
"1","江苏耀群工业技术有限公司","后端开发工程师","苏州-吴中","1万-1.5万"
"2","苏州毫末科技有限责任公司","后端开发","苏州-张家港","8千-1.2万"
"3","苏州爱启网络科技有限公司","golang后端开发","苏州-吴江","6千-1.2万"
"4","苏州观瑞汽车技术有限公司","后端开发工程师","苏州-相城","8千-1.6万"
"5","天星先进材料科技(苏州)有限公司","后端开发工程师","苏州-吴江","1万-1.2万"
"6","慧码科技(苏州)有限公司","Java后端开发工程师","苏州-虎丘","4千-6千"
"7","苏州启荣信息科技有限公司","C#后端开发","苏州","6千-1.2万"
"8","深圳市讯方技术股份有限公司","后端开发（Python/Golang）","苏州-虎丘","8千-1.3万"
"9","江苏明岱信息科技有限公司","JAVA开发工程师（前端+后端）","苏州","7千-1.4万"
"10","天津泰达低碳经济促进中心有限公司","Java后端开发工程师","苏州-吴中","1.5万-1.9万"
"11","中银金融商务(昆山)有限公司","应用开发工程师（后端方向）","苏州","1.5万-2万"
"12","立臻科技(昆山)有限公司","IT程序设计后端开发工程师（ITA407）","苏州-昆山","1.3万-2.5万"
"13","大宇宙商业服务(苏州)有限公司","Java后端开发工程师","苏州","1万-2万"
"14","张家港市苏闽金属制品有限公司","前后端开发工程师","苏州","1万-1.5万"
"15","昂凯生命科技(苏州)有限公司","python后端开发工程师","苏州-虎丘","1.5万-2.5万"
"16","中达电子(江苏)有限公司","python后端开发工程师","苏州","1万-1.4万"
"17","湖北楚天龙实业有限公司","Java后端开发工程师","苏州-相城","1.2万-2.4万"
"18","汇运动","后端开发工程师兼运维工程师","苏州-吴中","9千-1.2万"
"19","上海朱立业创业孵化器有限公司","Java后端开发工程师","苏州-虎丘","1.5万-1.8万"
"20","苏州研途教育科技有限公司","高级Python后端开发工程师","苏州-虎丘","1.7万-2.5万"
"21","苏州盛科通信股份有限公司","高级后端开发工程师-综合方向","苏州-工业园区","3万-5万"
"22","江苏拓普森房地产资产评估规划测绘有限公司","GIS后端开发工程师","苏州-吴中","1万-2万"
"23","软通动力信息技术(集团)股份有限公司","python后端开发工程师","苏州-吴中","1.5万-1.8万"
"24","外企德科","后端开发JAVA/C/C++/Python","苏州-虎丘","1.4万-2.8万"
"25","苏州金色未来信息咨询股份有限公司","gis后端开发工程师","苏州-吴中","1.7万-2.5万"
"26","中科吉芯(秦皇岛)信息技术有限公司","后端研发工程师（南京）","苏州-虎丘","1万-1.5万"
"27","外企德科","后端开发工程师","苏州-虎丘","1.5万-3万"
"28","苏州保控电子科技有限公司","Java后台开发工程师","苏州-虎丘","6千-1.2万"
"29","苏州派维斯信息科技有限公司","后台开发","苏州","6千-1.2万"
"0","外企德科","前端、后端软件开发【多部门、多城市可选】","苏州-虎丘","1.5万-3万"
"1","苏州美糯爱医疗科技有限公司","后端工程师","苏州-虎丘","1.2万-1.8万"
"2","苏州派维斯信息科技有限公司","后台开发（对日项目）","苏州","6千-1.2万"
"3","外企德科","软件开发工程师（后端）","苏州-虎丘","1.5万-3万"
"4","苏州生利新能能源科技有限公司","后端工程师","苏州-虎丘","1.8万-2.5万"
"5","苏州爱启网络科技有限公司","golang后端","苏州-吴江","6千-1.2万"
"6","外企德科","前后端通用开发、ios_双休","苏州-吴江","1.5万-3万"
"7","苏州瑞艾思机械设备有限公司","通用后端高级工程师(java)","苏州-吴中","1万-2万"
"8","北京国氢中联氢能科技研究院有限公司","后端工程师","苏州-常熟","1.5万-2.2万"
"9","外企德科","Java后端开发工程师","苏州-虎丘","1.5万-3万"
"10","北京艾芯集成电路设计有限公司","Physicaldesign/ICdesign/后端设计/物理设计","苏州-高新区","3万-6万"
"11","上海添置电子科技有限公司","催收后端M6综合2万+包住宿","苏州-昆山","1万-2万"
"12","中诚智信工程咨询集团股份有限公司","后端算法工程师","苏州-虎丘","1.5万-1.8万"
"13","苏州盛科通信股份有限公司","资深后端研发工程师-APR方向","苏州-工业园区","2万-4万"
"14","北京艾芯集成电路设计有限公司","后端设计主管/Physicaldesignleader","苏州","5万-9万"
"15","外企德科","java、C/c++、js、Python等后端发开工程师","苏州-虎丘","1.8万-3万"
"16","苏州兴财通用网络科技有限公司","java开发工程师（毕业生）","苏州-姑苏","6千-8千"
"17","常熟市景弘盛通信科技股份有限公司","java开发工程师","苏州-常熟","5千-7千"
"18","苏州众壳科技有限公司","Java开发工程师","苏州-吴中","6千-1万"
"19","祎智量芯(江苏)电子科技有限公司","Java开发工程师","苏州-太仓","8千-1.5万"
"20","苏州品创互联信息技术有限公司","java实习生","苏州-虎丘","4千-6千"
"21","南京百力奥网络科技有限公司","Java开发工程师","苏州-吴中","7千-1.4万"
"22","智林(苏州)数字技术有限公司","java开发工程师","苏州-吴中","1万-2万"
"23","北京神州数字科技有限公司","java开发工程师","苏州-吴中","1.2万-1.8万"
"24","苏州七岭山信息科技有限公司","java初级开发工程师","苏州-吴中","4千-8千"
"25","苏州隆泰信息技术有限公司","Java初级程序员（对日ERP定制开发）","苏州-虎丘","5千-7千"
"26","广电运通","java开发工程师-苏州(MJ000221)","苏州-吴中","1万-2万"
"27","北京捷科智诚科技有限公司","Java开发工程师（银行）","苏州-吴中","1.3万-1.8万"
"28","深圳润术物联网技术有限公司","Java开发工程师","苏州-昆山","1.1万-2万"
"29","南京百房通信息科技有限公司","初级工程师java（实习岗位可转正）","苏州-吴中","8千-1.3万"
"0","海隆软件(昆山)有限公司","JAVA/C语言软件开发工程师","苏州-昆山","6千-7千"
"1","广电运通","java开发工程师-苏州(MJ000221)","苏州-吴中","1万-2万"
"2","苏州振旺光电有限公司","C++软件开发工程师","苏州-虎丘","8千-1.5万"
"3","京北方","Java开发工程师","苏州-吴中","1.2万-1.8万"
"4","江苏迈恩信息科技有限公司","初级软件开发工程师","苏州","4千-8千"
"5","慈济慈善事业基金会","软件开发工程师","苏州-姑苏","7千-9千"
"6","上海共睿信息技术有限公司","java开发","苏州-吴中","1.5万-1.8万"
"7","江苏博欧控股有限公司","开发工程师","苏州-昆山","8千-1.2万"
"8","友谊时光科技股份有限公司","java游戏服务器开发","苏州","1.2万-2.4万"
"9","国泰新点软件股份有限公司","C++开发工程师（苏州）","苏州-虎丘","9千-1.4万"
"10","凌志软件","对日Java开发","苏州-工业园区","8千-1.2万"
"11","安徽质创未来数字科技有限公司","Java工程师","苏州-昆山","7千-1万"
"12","北京开科唯识技术股份有限公司深圳分公司","Java开发（张家港农商）","苏州-吴中","1.3万-1.7万"
"13","上海优集工业软件有限公司","Java开发工程师","苏州-吴中","1万-2万"
"14","苏州中桥智能科技有限公司","中级软件开发工程师","苏州-工业园区","1.3万-1.8万"
"15","云计划软件科技","苏州java开发工程师","苏州-虎丘","8千-1.2万"
"16","屹通信息","Java开发工程师","苏州-昆山","1万-1.5万"
"17","珠海赞同科技有限公司","Java开发工程师（银行项目）","苏州-吴中","1万-1.6万"
"18","南京卓尔博智能科技有限公司","Java中级开发工程师","苏州-虎丘","8千-1.5万"
"19","宜通华瑞","Java开发工程师","苏州-昆山","8千-1.3万"
"20","江苏谷科软件有限公司","Java开发","苏州-张家港","1万-1.5万"
"21","苏州航天系统工程有限公司","Java开发工程师","苏州-吴中","1万-2万"
"22","江苏江南商贸集团有限责任公司","Java开发工程师","苏州-常熟","7千-1.4万"
"23","南京至臻医疗科技发展有限公司","java开发工程师","苏州-姑苏","1.2万-1.8万"
"24","苏州七岭山信息科技有限公司","Java开发工程师","苏州-吴中","8千-1.6万"
"25","郑州快码软件科技有限公司","中级java开发工程师","苏州-虎丘","9千-1.2万"
"26","苏州德沃","java开发工程师","苏州-昆山","1.2万-2万"
"27","杰信软件科技（苏州）有限公司","资深Java开发工程师","苏州-吴中","6千-9千"
"28","华启智能","SAP专员（java或ABAP开发）","苏州","1万-1.6万"
"29","苏州益维鑫计算机科技有限公司","初级开发工程师","苏州-吴中","4千-8千"
"0","中电金信软件有限公司","java开发工程师","苏州-吴江","1.2万-1.4万"
"1","苏州众壳科技有限公司","java实习生","苏州-虎丘","面议"
"2","江苏拓普森房地产资产评估规划测绘有限公司","Java开发工程师","苏州-吴中","1万-1.5万"
"3","苏州兴财通用网络科技有限公司","Java软件工程师","苏州-姑苏","7千-1万"
"4","郑州海奥软件科技有限公司","Java开发工程师","苏州-常熟","8千-1.1万"
"5","加百裕（昆山）电子有限公司","计算机软件开发工程师","苏州-昆山","7千-1.2万"
"6","苏州兴财通用网络科技有限公司","java程序员","苏州-姑苏","7千-1万"
"7","智联猎头","Java软件工程师","苏州-吴江","8千-1万"
"8","京北方","java开发","苏州-吴中","1.3万-1.6万"
"9","神彩科技股份有限公司","Java中级开发工程师","苏州","1.2万-2万"
"10","上药控股有限公司","java中高级工程师","苏州-虎丘","1.5万-2万"
"11","苏州泰牛机器人科技有限公司","C＃全栈开发工程师","苏州","9千-1.5万"
"12","苏州清研精准汽车科技有限公司北京分公司","Java工程师","苏州-吴中","1万-2万"
"13","厦门至恒融兴信息技术股份有限公司","java（银行-苏州）","苏州-吴中","1.5万-1.9万"
"14","北京神州数字科技有限公司","java开发工程师","苏州-吴中","1万-2万"
"15","江苏谷科软件有限公司","Java开发工程师","苏州-吴中","1万-1.5万"
"16","凌志软件","对日软件开发工程师","苏州-虎丘","8千-1.3万"
"17","沈阳东硕信息技术有限公司","mes系统开发工程师","苏州-虎丘","1.2万-2万"
"18","博彦科技","中高级Java-苏州","苏州-吴中","1.8万-2万"
"19","京北方","Java开发工程师-苏州","苏州-吴中","1.5万-2.5万"
"20","北京神州数字科技有限公司","Java中级开发工程师（常熟农商）","苏州-吴中","1.2万-1.4万"
"21","北京南天软件有限公司","Java开发工程师（苏州双证学信可查）","苏州-吴中","1.2万-1.8万"
"22","软通动力信息技术(集团)股份有限公司","Java开发工程师（双休+年终奖）","苏州-吴中","1.2万-1.8万"
"23","正将自动化设备（江苏）有限公司","C#.net开发工程师（异地招聘）","苏州-昆山","6千-1.2万"
"24","南京展讯信息科技有限公司","Java高级开发工程师","苏州-常熟","1.3万-1.8万"
"25","苏州益维鑫计算机科技有限公司","开发专员","苏州-吴中","4千-8千"
"26","上海优集工业软件有限公司","PLM开发顾问","苏州-吴中","1万-2万"
"27","凌志软件","软件开发工程师（对日）","苏州-虎丘","8千-1.3万"
"28","新莱洁净","软件助理工程师(MJ000009)","苏州-昆山","6千-9千"
"29","中软国际","中级Java（需要商城经验，学信网统本）","苏州-吴中","面议"
"0","上海坤亿信息技术有限公司","golang开发","苏州-吴中","1.4万-1.5万"
"1","邦鼎智能科技(苏州)有限公司","C#开发工程师","苏州-相城","1万-1.6万"
"2","软通动力信息技术(集团)股份有限公司","开发经理（非外包苏州）","苏州-虎丘","1.5万-2万"
"3","凌志软件","高级Java开发工程师","苏州-虎丘","1.8万-2.2万"
"4","北京神州数字科技有限公司","Java开发工程师","苏州-吴中","1.7万-2.3万"
"5","苏州卓越光华信息技术有限公司","软件开发工程师组长C#","苏州","1万-1.5万"
"6","苏州方兴信息技术有限公司","Java工程师","苏州-张家港","6千-1.2万"
"7","急速国际物流科技(深圳)有限公司","PHP开发工程师","苏州-姑苏","1万-1.5万"
"8","上海朗裕信息科技有限公司","对日Java开发","苏州-吴中","7千-1.1万"
"9","荣旗工业科技(苏州)股份有限公司","上位机软件开发工程师","苏州-吴中","1.2万-2.3万"
"10","凌志软件","软件开发工程师（对日java/前端/cobol）","苏州-虎丘","1万-1.3万"
"11","浩辰软件","C++软件开发工程师","苏州","1万-1.5万"
"12","溧阳储慧智能软件科技有限公司","高级Java开发工程师","苏州-吴中","1.5万-2万"
"13","玉泉区力驰互联网科技工作室","php开发工程师【税后高薪】","苏州-姑苏","1万-1.3万"
"14","中移(苏州)软件技术有限公司","Java","苏州","面议"
"15","苏州商路信息科技有限公司","c/c++软件开发","苏州-吴中","1万-2万"
"16","北京宏诚创新科技有限公司","Java开发工程师","苏州-吴中","1.5万-2万"
"17","苏州琨山通用锁具有限公司","Java开发工程师","苏州-昆山","1.5万-2万"
"18","永卓控股有限公司","技术工程师","苏州-张家港","1.2万-1.6万"
"19","江苏安孚律师事务所","php开发工程师","苏州-吴中","8千-1.3万"
"20","苏州弘瀚自动化科技有限公司","C#上位机软件开发工程师","苏州-虎丘","1.5万-2.3万"
"21","北京瑞友科技股份有限公司","python开发工程师（英语四级）","苏州-吴中","1.8万-2万"
"22","宇锋智能","AGV软件工程师","苏州-吴中","1.2万-2万"
"23","上海仙睿信息技术有限公司","java开发","苏州-姑苏","3万-5万"
"24","江苏富士通通信技术有限公司","C/C++研发工程师","苏州-高新区","8千-1.3万"
"25","无锡先导智能装备股份有限公司","软件工程师","苏州-姑苏","8千-1.5万"
"26","苏州市安孚企业管理信息咨询服务有限公司","PHP工程师","苏州","8千-1.5万"
"27","江苏惟德电力设备有限公司","PHP开发工程师","苏州-姑苏","8千-1.5万"
"28","法本信息","C#开发工程师（周末双休/六险一金）","苏州-吴中","1.1万-1.6万"
"29","大健云仓科技(苏州)有限公司","PHP开发工程师","苏州-虎丘","1.2万-1.8万"
"0","博彦科技承德有限公司","C++软件开发工程师","苏州-虎丘","1.7万-2.2万"
"1","智联猎头","软件研发工程师","苏州-虎丘","1.2万-2万"
"2","京北方","中级Java开发工程师（本科学信网+双证）","苏州-吴中","1.4万-1.7万"
"3","科大国创软件股份有限公司","Java开发工程师","苏州-虎丘","面议"
"4","广州虹科电子科技有限公司","智能驾驶场景开发工程师IntelligentDrivingScenarioDevelopmentEnginee","苏州-虎丘","9千-1.8万"
"5","上海坤亿信息技术有限公司","c++嵌入式软件开发工程师","苏州-吴中","1万-1.5万"
"6","大易云计算","java架构师","苏州-虎丘","2万-3万"
"7","苏州人之众信息技术有限公司","python研发工程师","苏州-吴中","1.5万-2万"
"8","苏州七剑软件有限公司","EAP软件工程师","苏州-吴中","1万-1.5万"
"9","郑州炬承信息技术有限公司","java中高级工程师","苏州-常熟","1万-2万"
"10","富鑫林光电","高级软件开发工程师（WindowsQT）","苏州-虎丘","1.5万-2.6万"
"11","道元实业","C#软件工程师","苏州-昆山","1.1万-2.2万"
"12","成都科锐特汽车科技有限公司","C++开发工程师","苏州-吴江","1.5万-3万"
"13","株式会社ビー·シー·エル","对日软件开发工程师","苏州-姑苏","1.5万-3万"
"14","苏州澜途科技有限公司","C++开发工程师","苏州-相城","2万-4万"
"15","苏州维伟思医疗科技有限公司","C#软件工程师","苏州-虎丘","1.2万-1.6万"
"16","上海坤亿信息技术有限公司","golang开发工程师","苏州-吴中","1.5万-1.6万"
"17","软通动力信息技术(集团)股份有限公司","java开发经理","苏州-虎丘","1.8万-3万"
"18","先进数通","Java技术经理（研发）","苏州-虎丘","2万-3万"
"19","海隆软件(昆山)有限公司","对日项目经理（对日PM）","苏州-昆山","2万-2.8万"
"20","中盛评估咨询有限公司","软件系统开发负责人","苏州","2万-2.5万"
"21","西安纽伦信息科技有限公司","赴日IT工程师","苏州-姑苏","1万-2万"
"22","麦迪斯顿",".NET软件研发工程师","苏州-吴中","1万-1.5万"
"23","苏州商路信息科技有限公司","c/c++嵌入式软件开发","苏州-吴中","1.1万-2.2万"
"24","阳光软件株式会社","赴日软件工程师","苏州","1.5万-3万"
"25","无锡盛世网络科技有限公司","C++开发工程师","苏州-虎丘","1.8万-2.5万"
"26","上海优集工业软件有限公司","PLM开发经理","苏州-虎丘","1.5万-3万"
"27","上海坤亿信息技术有限公司","golang","苏州-吴中","1万-1.5万"
"28","永卓控股有限公司","项目工程师（财经管理或采购管理或工程项目管理或设备管理或质量管理）","苏州-张家港","1.2万-1.6万"
"29","旺宏微电子(苏州)有限公司","PDK开发工程师","苏州","1.5万-3万"
"0","宇锋智能","C++软件开发工程师","苏州-吴中","2万-3万"
"1","急速国际物流科技(深圳)有限公司","苏州php工程师","苏州-姑苏","8千-1.2万"
"2","国讯芯微(苏州)科技有限公司","资深c++开发工程师","苏州-虎丘","1.9万-3万"
"3","名硕电脑","软体研发高级工程师","苏州","7千-1.1万"
"4","江苏博欧控股有限公司","IT主管工程师","苏州-昆山","8千-1.5万"
"5","永旺永乐（江苏）物业服务有限公司","DX（数字化转型）总监","苏州","2万-2.5万"
"6","北京青麦科技有限公司","软件技术经理","苏州-虎丘","1.8万-2.2万"
"7","苏州金橙子激光技术有限公司","c++软件工程师","苏州-虎丘","1万-1.5万"
"8","苏州爱启网络科技有限公司","PHP程序员/PHP开发工程师/技术经理/网站开发","苏州","6千-1.2万"
"9","浙江维日托自动化科技有限公司","软件工程师","苏州-吴中","1.1万-1.6万"
"10","苏州商路信息科技有限公司","LinuxC驱动","苏州-吴中","1.5万-3万"
"11","凌志软件","magento程序员","苏州-工业园区","8千-1.3万"
"12","鹤壁海昌智能科技股份有限公司","C#上位机软件工程师","苏州-昆山","1.3万-2.6万"
"13","苏州杰锐思智能科技股份有限公司","c++软件工程师","苏州-吴中","1.9万-2.7万"
"14","昆山艾派斯软件科技有限公司","WCS工程师","苏州-昆山","1.5万-2万"
"15","佳运通电子科技（昆山）有限公司",".net软件工程师","苏州-昆山","1.5万-2万"
"16","南京鑫业诚机器人科技有限公司","软件工程师","苏州-虎丘","1.5万-2.5万"
"17","永卓控股有限公司","高级技术工程师","苏州-张家港","1.2万-2.2万"
"18","苏州德锐特成像技术有限公司","高级软件工程师","苏州-虎丘","2万-3万"
"19","苏州金燧光电科技有限公司","高级软件工程师","苏州-吴江","1.8万-2万"
"20","宇锋智能","调度软件工程师","苏州-虎丘","1.5万-2.8万"
"21","苏州金色未来信息咨询股份有限公司","JAVA开发工程师","苏州-吴中","1.2万-1.8万"
"22","外企德科","软件开发工程师(javac++pythonjs)","苏州-虎丘","1.5万-3万"
"23","深圳南区人瑞人力资源服务有限公司","Java","苏州-姑苏","2万-4万"
"24","苏州金色未来信息咨询股份有限公司","java开发工程师","苏州-吴中","2万-3万"
"25","外企德科","软件开发工程师（Java/C/C++/Python/go/js）","苏州-虎丘","1.5万-3万"
"26","苏州路腾软件有限公司","Java开发工程师（初级）","苏州-虎丘","5千-8千"
"27","苏州金色未来信息咨询股份有限公司","资深Java开发+地理信息系统","苏州-吴中","1.8万-2.6万"
"28","外企德科","软件开发工程师","苏州-虎丘","1.5万-3万"
"29","南京派格测控科技有限公司","初级C++开发工程师","苏州-吴中","1万-2万"
"0","上海南康科技有限公司","开发工程师（苏州）","苏州-姑苏","8千-1万"
"1","外企德科","软件开发工程师（Java/Python/C/C++/JS）","苏州-虎丘","1.5万-3万"
"2","苏州百硕风咨询有限公司","java开发","苏州","1.2万-1.7万"
"3","江苏明岱信息科技有限公司","JAVA开发实习工程师","苏州","150-200/天"
"4","外企德科","软件开发工程师（双休，全额六险一金）","苏州-姑苏","1.7万-3万"
"5","航天驭星","软件开发工程师","苏州-太仓","6千-1.1万"
"6","南京佳强科技有限公司","JAVA开发","苏州","9千-1万"
"7","外企德科","Java开发工程师","苏州-虎丘","1.5万-3万"
"8","江苏远大信息股份有限公司","java开发工程师（张家港）","苏州-张家港","6千-8千"
"9","杰信软件科技（苏州）有限公司","java开发工程师（实习）","苏州","3千-4千"
"10","外企德科","高级Java工程师（双休、年终奖）","苏州-虎丘","1.5万-3万"
"11","苏州法斯特企业管理咨询有限公司","系统开发工程师","苏州-吴中","6千-7千"
"12","南京百力奥网络科技有限公司","Java开发工程师","苏州-吴中","7千-1.2万"
"13","外企德科","Java/C/C++/JS/Python/安卓/web开发","苏州-虎丘","1.5万-3万"
"14","苏州市企明科技有限公司","java实习软件工程师","苏州-吴中","5千-9千"
"15","苏州硅岛信息科技有限公司","软件开发工程师","苏州-虎丘","5千-7千"
"16","外企德科","java开发工程师","苏州-虎丘","1.8万-3.5万"
"17","苏州空谷网络科技有限公司","Java实习生","苏州-虎丘","3千-5千"
"18","数为科技(苏州)有限公司","Java开发工程师","苏州-吴中","1万-1.3万"
"19","外企德科","软件开发工程师（城市多、岗位多）","苏州-虎丘","1.5万-3万"
"20","中磊电子(苏州)有限公司技术研发中心","软件研发工程师（2023应届生）","苏州","9千-1.3万"
"21","中讯志远(武汉)科技有限公司","Java开发工程师","苏州-虎丘","8千-1.4万"
"22","外企德科","软件开发/Java/Python/C/C++/JS/测试开发都可","苏州-虎丘","1.5万-3万"
"23","苏州奇梦者科技有限公司","C语言开发工程师（实习）","苏州-吴中","150-200/天"
"24","苏州科之翼知识产权运营有限公司","Java开发工程师","苏州-虎丘","6千-1万"
"25","外企德科","软件开发","苏州-虎丘","1.6万-3万"
"26","江苏富士通通信技术有限公司","C#开发工程师","苏州-高新区","6千-1.2万"
"27","中讯志远(武汉)科技有限公司","Java开发工程师","苏州-虎丘","7千-1.4万"
"28","外企德科","java/c++/python/c/web/开发/测试岗位","苏州-虎丘","1.5万-3万"
"29","苏州浩宇南天信息科技有限公司","Java开发工程师","苏州","4千-8千"
"0","鞍山天汇科技有限公司","软件开发工程师","苏州-虎丘","1万-1.5万"
"1","外企德科","软件研发工程师","苏州-虎丘","1.7万-3万"
"2","苏州市企明科技有限公司","Java开发工程师","苏州-吴中","1.5万-2万"
"3","永卓控股有限公司",".net开发工程师","苏州-张家港","1万-1.8万"
"4","外企德科","c/c++软件开发工程师","苏州-虎丘","1.7万-3万"
"5","苏州峻德信息服务有限公司","初级.net开发工程师","苏州-虎丘","150-200/天"
"6","苏州市路远智能装备有限公司","软件工程师","苏州-吴中","6千-1万"
"7","外企德科","软件工程师（java/c++/python/js/go/c测试web前端）","苏州-虎丘","1.3万-2.6万"
"8","拓德科技","Java开发工程师","苏州-工业园区","5千-8千"
"9","苏州路腾软件有限公司","JavaWeb开发","苏州-吴中","6千-1.2万"
"10","外企德科","软件开发工程师","苏州-虎丘","1.8万-3.5万"
"11","苏州英敏基生物技术有限公司","软件开发工程师","苏州","9千-1.8万"
"12","祎智量芯(江苏)电子科技有限公司","C#开发工程师","苏州-太仓","6千-1万"
"13","外企德科","C/C++/Java/JS/Python/安卓/web","苏州-虎丘","1.5万-3万"
"14","研华(中国)公司","C语言助理工程师（实习生/应届毕业生）(J10447)","苏州-昆山","7千-1万"
"15","上海优集工业软件有限公司","UG/NX二次开发","苏州-吴中","1万-2万"
"16","外企德科","软件工程师（java/C/C++/JS/python/Go）","苏州-虎丘","1.5万-3万"
"17","苏州凌创电子系统有限公司","嵌入式软件实习生","苏州","6千-1万"
"18","立臻科技(昆山)有限公司","软件开发工程师（实验室方向）","苏州-昆山","1万-2万"
"19","外企德科","研发【Java/Python/C/C++/JS/Go/Scala】","苏州-虎丘","1.5万-3万"
"20","京隆科技(苏州)有限公司","软件开发工程师","苏州","4千-6千"
"21","江苏江南商贸集团有限责任公司","软件开发工程师（国企编制）","苏州-常熟","6千-1万"
"22","外企德科","pythonJavaCC++JS开发工程师","苏州-虎丘","1.8万-3.5万"
"23","江苏谷科软件有限公司","java开发工程师","苏州-吴江","1.2万-2万"
"24","苏州索拉科技有限公司",".net开发工程师","苏州-姑苏","8千-1.6万"
"25","软通动力信息技术(集团)股份有限公司","Java开发工程师（银行项目）","苏州-虎丘","1.1万-2万"
"26","苏州恒浦测试科技有限公司","软件工程师（应届生）","苏州-昆山","5千-8千"
"27","苏州滔为智能科技有限公司","C#软件开发工程师（23应届）","苏州-虎丘","6千-7千"
"28","友谊时光科技股份有限公司","游戏服务端开发（java）","苏州","8千-1.2万"
"29","苏州集畅自动化科技发展有限公司",".NET软件开发工程师","苏州","6千-1.2万"
"0","苏州工业园区精泰达自动化有限公司","助理软件工程师","苏州-吴中","8千-1.2万"
"1","苏州汇诚智通科技有限公司","Java开发工程师","苏州-吴中","7千-1.2万"
"2","大健云仓科技(苏州)有限公司","JAVA开发工程师","苏州-虎丘","1万-1.5万"
"3","苏州信亨自动化科技有限公司","Java高级开发工程师","苏州-工业园区","1.5万-2万"
"4","旺宏微电子(苏州)有限公司","Utility软件开发工程师-本科","苏州","8千-1.5万"
"5","杰信软件科技（苏州）有限公司","Java软件工程师（急聘）","苏州-工业园区","4千-8千"
"6","上海畅启软件有限公司","Java开发工程师","苏州-吴中","1.3万-1.5万"
"7","法本信息","Java开发工程师（学信网，国企，福利好，线上面试,银行背景）","苏州-吴中","1.2万-2万"
"8","苏州泰克赛威网络科技有限公司","C#开发工程师","苏州-姑苏","5千-1万"
"9","苏州科晴信息科技有限公司","初级程序员实习","苏州","4千-6千"
"10","上海桓领信息科技有限公司","java开发工程师","苏州-吴江","1.2万-2.4万"
"11","大豪科技","上位机软件开发工程师","苏州-常熟","1万-2万"
"12","苏州工业园区慧鱼科技有限公司","软件开发工程师（Windows系统）","苏州","8千-1.6万"
"13","昆仑太科(北京)技术股份有限公司","嵌入式软件工程师","苏州-昆山","7千-1.4万"
"14","苏州智物数字科技有限公司","软件工程师","苏州-虎丘","6千-1.2万"
"15","苏州大尊装饰工程有限公司","Java高级开发工程师","苏州-吴中","1.6万-2万"
"16","苏州奇流信息科技有限公司","python软件工程师","苏州","8千-1万"
"17","苏州菲镭泰克激光技术有限公司","软件应用工程师","苏州-张家港","7千-1.2万"
"18","昆山贝尔特商务咨询有限公司","c#软件开发","苏州-虎丘","1.2万-1.8万"
"19","苏州蓝博控制技术有限公司","嵌入式软件工程师","苏州-工业园区","8千-1.2万"
"20","南京迈特望科技股份有限公司","Python开发/苏州","苏州-吴中","1.3万-1.5万"
"21","斑马(昆山)智能信息科技有限公司",".net初级开发工程师","苏州-昆山","6千-8千"
"22","俐玛光电科技(北京)有限公司","C#开发工程师","苏州-吴中","1万-2万"
"23","苏州锐涛光电科技有限公司","软件研发工程师","苏州","1万-1.5万"
"24","杰信软件科技（苏州）有限公司","Java软件实施工程师（实习）","苏州-吴中","3千-4千"
"25","江苏远大信息股份有限公司","java开发工程师（报表类）-张家港","苏州-张家港","1万-1.5万"
"26","元动未来(北京)科技有限公司",".net软件开发工程师","苏州-张家港","7千-1.4万"
"27","国泰新点软件股份有限公司",".NET开发工程师（苏州）","苏州-虎丘","9千-1.4万"
"28","苏州卓越光华信息技术有限公司","软件开发工程师C#","苏州","8千-1.3万"
"29","智联猎头","软件开发工程师","苏州-昆山","1.5万-2万"
"0","昆达电脑科技（昆山）有限公司","软件开发工程师","苏州","6千-9千"
"1","苏州工业园区人力资源和社会保障局","初级软件开发工程师-凌志软件","苏州-虎丘","5千-8千"
"2","苏州安特威工业智能科技股份有限公司","软件开发工程师","苏州-吴江","1.2万-1.6万"
"3","苏州三光科技股份有限公司","嵌入式软件工程师","苏州-虎丘","9千-1.5万"
"4","苏州金橙子激光技术有限公司","软件开发工程师","苏州-虎丘","1.8万-2.6万"
"5","凌志软件","对日Java开发（24届）","苏州-虎丘","4千-6千"
"6","中国电信苏州分公司","JAVA开发","苏州-姑苏","1.2万-1.5万"
"7","江苏首智新能源技术有限公司","基础软件开发工程师","苏州-昆山","8千-1.5万"
"8","苏州高景科技有限公司","ERP程序开发","苏州","1万-2万"
"9","叁技科技(江苏)有限公司","软件开发工程师","苏州-吴中","8千-1万"
"10","苏州索拉科技有限公司","软件开发工程师","苏州-姑苏","7千-1.4万"
"11","数为科技(苏州)有限公司","java开发经理","苏州-吴中","2万-2.3万"
"12","苏州澜途科技有限公司","Java开发工程师","苏州-相城","1.5万-2.5万"
"13","探海科技","软件工程师","苏州","6千-1.2万"
"14","苏州城方信息技术有限公司",".net高级开发工程师","苏州-吴中","1万-2万"
"15","浙江艾罗网络能源技术股份有限公司","嵌入式软件工程师（应届生）","苏州-吴中","1万-2万"
"16","同济人工智能研究院(苏州)有限公司","软件研发助理","苏州-相城","7千-1万"
"17","斑马(昆山)智能信息科技有限公司",".net中级开发工程师","苏州-昆山","8千-1.5万"
"18","软通动力信息技术(集团)股份有限公司","JAVA开发（邮储银行）","苏州-吴中","1.3万-2万"
"19","苏州工业园区文鼎科技有限公司","软件开发工程师","苏州-吴中","8千-1.5万"
"20","苏州弗士达科学仪器有限公司","C#软件开发工程师","苏州-吴中","1.2万-2.4万"
"21","苏州香农科技有限公司","软件工程师","苏州-吴中","1万-1.5万"
"22","苏州城方信息技术有限公司","Python开发工程师","苏州","7千-1.2万"
"23","江苏惟德电力设备有限公司","中级PHP开发工程师","苏州-姑苏","1万-1.5万"
"24","北京泽佳科益科技有限公司","python开发工程师（外包）","苏州-吴中","1.5万-1.9万"
"25","大豪科技","软件工程师","苏州-常熟","1万-2万"
"26","立臻科技(昆山)有限公司","MES开发工程师","苏州-昆山","1.2万-2.3万"
"27","苏州诺亚智造科技有限公司","助理软件工程师","苏州-吴中","5千-9千"
"28","日善电脑配件(嘉善)有限公司","MES/SFISC#/Java软件开发工程师","苏州","1万-1.5万"
"29","东华软件股份公司","Java软件工程师","苏州-虎丘","8千-1万"
"0","鸣志电器","嵌入式软件助理工程师(J11297)","苏州-太仓","6千-8千"
"1","苏州卓越光华信息技术有限公司","软件开发工程师C#初级","苏州","7千-9千"
"2","苏州振旺光电有限公司","QT开发工程师(产品方向)","苏州-虎丘","8千-1.5万"
"3","上海畅启软件有限公司","Java开发工程师","苏州-吴中","1.2万-2.4万"
"4","苏州索拉科技有限公司","C#软件开发工程师","苏州-姑苏","1万-2万"
"5","外企德科","软件开发工程师（华为OD）","苏州-虎丘","1.3万-2.6万"
"6","郑州海奥软件科技有限公司","中级Java开发工程师","苏州-虎丘","8千-1万"
"7","科大讯飞","c++开发工程师","苏州-吴中","1.2万-1.8万"
"8","苏州瀚川智能科技股份有限公司","软件开发工程师","苏州-吴中","1.2万-2万"
"9","昆山芯物联电子通讯有限公司","软件开发工程师","苏州-昆山","5千-8千"
"10","苏州滔为智能科技有限公司","C#开发实习生","苏州-虎丘","3千-6千"
"11","昆山迪赛纳电子科技有限公司","软件工程师","苏州-昆山","6千-1万"
"12","普罗斯通信技术(苏州)有限公司","嵌入式软件工程师-校招","苏州-昆山","9千-1万"
"13","苏州振旺光电有限公司","嵌入式c/c++软件开发工程师","苏州-虎丘","1万-2万"
"14","苏州城方信息技术有限公司","高级开发工程师","苏州","1.2万-2.4万"
"15","苏州索易人力资源管理有限公司","MES开发工程师，月薪8-12K","苏州-太仓","8千-1.2万"
"16","大豪科技","嵌入式软件工程师","苏州-常熟","1万-2万"
"17","江苏江南商贸集团有限责任公司","C#高级开发工程师（江南数科）","苏州-常熟","1.2万-2万"
"18","深圳市优易控软件有限公司","C#软件开发工程师","苏州-虎丘","1万-1.5万"
"19","南京佳强科技有限公司","python开发工程师","苏州-虎丘","9千-1万"
"20","苏州维嘉科技股份有限公司","软件研发工程师","苏州-工业园区","9千-1.5万"
"21","苏州索拉科技有限公司","WPF软件工程师","苏州-姑苏","7千-1.4万"
"22","琪珂通信(江苏)有限公司","软件开发员","苏州","8千-1.5万"
"23","江苏远大信息股份有限公司","GIS开发","苏州-张家港","1万-1.5万"
"24","外企德科","Java开发工程师","苏州-虎丘","1.5万-3万"
"25","神讯电脑（昆山）有限公司","软体工程师","苏州-昆山","6千-1万"
"26","苏州卫捷医药科技有限公司","软件工程师(C#/Asp.net)","苏州","6千-1.2万"
"27","哈尔滨工程大学船舶装备科技有限公司","计算机软件工程师","苏州-虎丘","6千-8千"
"28","大连思泰克科技有限公司","linux开发工程师","苏州-虎丘","1.4万-1.5万"
"29","七星瓢虫环境科技(苏州)有限公司","全栈工程师","苏州-相城","7千-1万"
"0","普罗斯通信技术(苏州)有限公司","嵌入式软件工程师-校招","苏州-吴中","9千-1万"
"1","艾瑞斯计算机科技(苏州)有限公司","国产化软件开发工程师","苏州-相城","1万-2万"
"2","江苏鑫瑞源科技有限公司","python开发工程师","苏州-虎丘","1.2万-1.3万"
"3","苏州硅岛信息科技有限公司","嵌入式软件工程师","苏州-虎丘","5千-7千"
"4","苏州协同创新智能制造装备有限公司","Java开发工程师","苏州","1.5万-2万"
"5","郑州海奥软件科技有限公司","java开发工程师","苏州-常熟","1.1万-1.8万"
"6","北京瑞友科技股份有限公司","rpa开发工程师","苏州-虎丘","1.3万-1.8万"
"7","苏州锐涛光电科技有限公司","软件研发工程师（实习生）","苏州","8千-1万"
"8","苏州冠鸿智能装备有限公司","C#程序员","苏州-吴中","6千-1.2万"
"9","苏州妙益科技股份有限公司","嵌入式开发","苏州-吴中","1.5万-3万"
"10","东华软件股份公司","java工程师","苏州-虎丘","面议"
"11","软通动力信息技术(集团)股份有限公司","RPA开发工程师","苏州-吴中","1.1万-2万"
"12","江苏百顺智能物流设备有限公司","嵌入式软件开发工程师","苏州","7千-1.4万"
"13","大健云仓科技(苏州)有限公司","Java开发工程师","苏州-虎丘","1万-1.5万"
"14","厦门聚视智创科技有限公司","C++开发工程师","苏州-虎丘","1万-2万"
"15","张家港润盛科技材料有限公司","软件开发工程师","苏州-张家港","1万-1.2万"
"16","深圳市一页科技有限公司",".NET开发工程师","苏州-吴中","1万-1.5万"
"17","阿米检测技术有限公司","Python软件开发工程师","苏州-相城","1.5万-3万"
"18","星网锐捷","软件研发工程师（.net）","苏州-虎丘","1万-1.5万"
"19","苏州伟益达电子技术有限公司","软件工程师","苏州-相城","6千-1.2万"
"20","联德精密材料(中国)股份有限公司","abap开发顾问","苏州","1万-1.8万"
"21","郑州快码软件科技有限公司","c#开发工程师","苏州-虎丘","9千-1.2万"
"22","苏州能斯达电子科技有限公司","嵌入式软件工程师","苏州-虎丘","1万-2万"
"23","大连斯锐信息技术有限公司","c#开发","苏州-吴江","1万-1.4万"
"24","京北方","java开发工程师","苏州-吴中","1.1万-1.8万"
"25","苏州隆士丹自动化技术有限公司","C#.NET开发工程师","苏州-虎丘","1万-1.5万"
"26","上海坤亿信息技术有限公司","外企python开发工程师","苏州-吴中","1.2万-1.5万"
"27","法奥意威(苏州)机器人系统有限公司","软件开发工程师","苏州-虎丘","1.5万-2.1万"
"28","大连斯锐信息技术有限公司",".NET开发工程师【线上面试】","苏州-虎丘","1.3万-1.8万"
"29","外企德科","Python开发工程师","苏州-虎丘","1.5万-3万"
"0","上海基甸信息科技有限公司","java开发","苏州-姑苏","1万-1.5万"
"1","昆山华誉自动化科技有限公司","上位机软件开发工程师","苏州-昆山","1.5万-2万"
"2","江苏谷科软件有限公司","C开发","苏州-吴中","1万-2万"
"3","智联猎头","软件研发工程师","苏州-昆山","1.5万-3万"
"4","国泰新点软件股份有限公司",".NET开发工程师(张家港）","苏州-张家港","9千-1.4万"
"5","深圳飞音科技","C++开发工程师","苏州-吴中","8千-1.6万"
"6","科塞尔医疗科技(苏州)有限公司","嵌入式软件开发工程师（分公司海汛医疗）","苏州","1.2万-1.5万"
"7","苏州隆泰信息技术有限公司","Java中高级程序员（对日ERP开发）","苏州-虎丘","6千-1万"
"8","陕西付立得信息技术有限公司","中级java开发工程师","苏州-吴中","1.4万-1.5万"
"9","苏州工业园区人力资源和社会保障局","高级软件开发工程师-凌志软件","苏州-虎丘","1万-1.6万"
"10","瑞晟微电子（苏州）有限公司","Windows开发工程师2023WN01","苏州","1.3万-2.6万"
"11","南京迈特望科技股份有限公司","Python开发","苏州-吴中","1.1万-1.4万"
"12","湖南拓维云创科技有限责任公司","Python开发工程师","苏州-虎丘","1.3万-1.5万"
"13","苏州索拉科技有限公司","vb软件工程师","苏州-姑苏","7千-1万"
"14","以诺康医疗科技(苏州)有限公司","软件工程师","苏州-虎丘","1.5万-2.5万"
"15","江苏江南商贸集团有限责任公司",".NET开发工程师（江南数科）","苏州-常熟","8千-1.2万"
"16","智联猎头",".net上位机软件开发工程师","苏州-姑苏","8千-1.2万"
"17","苏州埃顿电力科技有限公司","Java开发工程师","苏州-虎丘","2.5万-3.5万"
"18","江苏苏净集团有限公司","软件工程师","苏州","7千-1.2万"
"19","苏州博通计算机科技有限公司","Java开发工程师","苏州","1.2万-1.5万"
"20","欧德神思软件系统(北京)有限公司","（德企）C#软件开发工程师","苏州-虎丘","8千-1.3万"
"21","苏州苏繁自动化技术有限公司",".NET开发工程师","苏州-姑苏","1.3万-2.6万"
"22","海通安恒科技股份有限公司","rpa开发工程师（上海上班，五险一金）","苏州-姑苏","1.2万-2万"
"23","苏州弗士达科学仪器有限公司","软件应用开发工程师","苏州-吴中","1.2万-2.4万"
"24","ユニークシステム株式会社","日语Java/Python开发工程师","苏州","1.5万-3万"
"25","凌志软件","Magento开发工程师","苏州-虎丘","1万-1.5万"
"26","苏州研途教育科技有限公司","Python开发工程师","苏州-虎丘","1万-1.5万"
"27","江苏北人","mes工程师","苏州-工业园区","1万-2万"
"28","祎智量芯(江苏)电子科技有限公司","系统软件工程师","苏州-太仓","1万-1.8万"
"29","中科禾信遥感科技(苏州)有限公司","系统开发工程师","苏州","1.2万-1.8万"
"0","凌志软件","对日软件开发工程师（苏州）","苏州-虎丘","1万-1.5万"
"1","海隆软件(昆山)有限公司","对日软件高级开发工程师","苏州-昆山","1.2万-1.6万"
"2","广东国玉科技股份有限公司","软件应用工程师（苏州）","苏州-虎丘","6千-1.1万"
"3","苏州恩巨网络有限公司","高级qt开发工程师","苏州-虎丘","1.5万-2.3万"
"4","凌志软件","软件开发工程师（对日Java/cobol）","苏州-虎丘","9千-1.4万"
"5","苏州金色未来信息咨询股份有限公司","GIS开发工程师","苏州-吴中","1.3万-1.8万"
"6","软通动力信息技术(集团)股份有限公司","python开发工程师","苏州-吴中","1.5万-1.8万"
"7","苏州市兴鲁空分设备科技发展有限公司","ERP系统开发","苏州","1.2万-1.6万"
"8","郑州海奥软件科技有限公司","C#开发工程师","苏州-吴中","1.1万-1.5万"
"9","苏州医电园生物科技有限公司","开发组长（架构师）","苏州-虎丘","2万-3万"
"10","常州发创软件有限公司","赴日开发软件工程师","苏州","1.2万-2万"
"11","以诺康医疗科技(苏州)有限公司","软件工程师（嵌入式）","苏州-虎丘","1.5万-3万"
"12","苏州杰锐思智能科技股份有限公司","软件工程师（上位机开发）","苏州-吴中","1.2万-1.8万"
"13","南京百敖","BIOS开发工程师","苏州-昆山","1.2万-2.4万"
"14","苏州艾隆工程技术有限公司","软件工程师（苏州工业园区新发路27号）","苏州-虎丘","5千-7千"
"15","常熟市奥特软件技术有限公司","中级软件开发工程师","苏州-常熟","1万-1.3万"
"16","苏州佳智彩光电科技有限公司","C#开发工程师","苏州-吴江","1.3万-2.5万"
"17","苏州空谷网络科技有限公司","Java合伙人","苏州-虎丘","2.5万-4.5万"
"18","郑州海奥软件科技有限公司","苏州.net开发","苏州-吴中","8千-1.3万"
"19","苏州苏恒网络科技有限公司","高级软件工程师","苏州-姑苏","8千-1.2万"
"20","苏州苏纳光电有限公司","软件工程师","苏州-虎丘","8千-1.6万"
"21","苏州就是能源科技有限公司","软件开发高级工程师--常熟","苏州-常熟","1.2万-2万"
"22","上海文华财经资讯股份有限公司","C++开发工程师（SE）","苏州-虎丘","2万-3.5万"
"23","苏州工业园区苏和航空试验技术有限公司","嵌入式软件开发工程师","苏州-虎丘","8千-1.5万"
"24","凌志软件","软件开发工程师（南通凌挚）","苏州-虎丘","9千-1.5万"
"25","苏州光格科技股份有限公司","高级Java软件开发工程师","苏州","2万-3万"
"26","苏州腾伟电子有限公司","软件工程师","苏州-虎丘","1万-1.5万"
"27","华辰精密装备(昆山)股份有限公司","软件工程师","苏州-昆山","8千-1.5万"
"28","苏州杰锐思智能科技股份有限公司","C#软件工程师","苏州-吴中","1.4万-2万"
"29","和顺电气股份","Java工程师","苏州","1万-1.5万"
"0","天准公司","嵌入式软件工程师（底层驱动）","苏州","2万-4万"
"1","苏州格道企业管理咨询有限公司",".NET开发工程师","苏州-虎丘","1.5万-2.5万"
"2","瑞晟微电子（苏州）有限公司","系统软件开发资深工程师（BBA）CN","苏州-工业园区","2万-3万"
"3","苏州昱泽智能科技有限公司","上位机软件开发工程师","苏州-太仓","8千-1.2万"
"4","南京星原云科技有限公司","python开发工程师","苏州-虎丘","1.2万-2万"
"5","安信株式会社","赴日JAVA,Python技术者.NET开发工程师","苏州-虎丘","1.2万-1.8万"
"6","外企德科","通用软件开发工程师（Java/C++/Web）","苏州-虎丘","1.4万-2.7万"
"7","苏州观瑞汽车技术有限公司","软件工程师","苏州-相城","7千-1.4万"
"8","博彦科技","C#开发工程师","苏州-虎丘","1万-1.5万"
"9","苏州洞悉科技有限公司","C++开发工程师","苏州-昆山","1.5万-2.5万"
"10","国讯芯微(苏州)科技有限公司","C++开发工程师","苏州-虎丘","1万-2万"
"11","上海仙睿信息技术有限公司","Python开发","苏州-吴江","1.3万-1.5万"
"12","苏州信亨自动化科技有限公司","C#软件开发工程师","苏州","1.8万-3.5万"
"13","慧灵科技","信息系统开发工程师","苏州-昆山","1.2万-2万"
"14","立臻科技(昆山)有限公司","IT系统开发工程师","苏州-昆山","1.2万-2.4万"
"15","苏州法斯特企业管理咨询有限公司","系统架构师/高级开发工程师","苏州-常熟","2万-3万"
"16","软通动力信息技术(集团)股份有限公司","JAVA开发（银行项目）","苏州-吴中","1.4万-2.2万"
"17","深圳市一页科技有限公司",".NET开发工程师","苏州-吴中","1.3万-1.6万"
"18","赛业生物","软件开发工程师（Python语言）","苏州-太仓","1.3万-2万"
"19","苏州典模电动科技有限公司","嵌入式软件开发","苏州","8千-9千"
"20","苏州梦图地理信息系统有限责任公司","gis开发工程师","苏州-虎丘","7千-1万"
"21","苏州振旺光电有限公司","C++开发工程师（图像算法方向）","苏州-虎丘","1万-2万"
"22","中达电子(江苏)有限公司","C#开发工程师","苏州","1.6万-3万"
"23","苏州康鸿智能装备股份有限公司","C++软件工程师","苏州","1万-2万"
"24","苏州科达","c语言开发工程师","苏州-虎丘","9千-1.5万"
"25","上海坤亿信息技术有限公司","golang开发","苏州-吴中","1.2万-1.5万"
"26","苏州晶睿半导体科技有限公司","软件开发工程师","苏州-张家港","1.3万-1.7万"
"27","苏州佳智彩光电科技有限公司","C#开发工程师","苏州-吴江","1.3万-2.5万"
"28","慧灵科技","上位机软件开发工程师","苏州-昆山","1.2万-2.4万"
"29","合芯科技有限公司","软件开发工程师（中间件、数据库方向）","苏州-虎丘","1.5万-3万"
"0","杭州领慧企业管理咨询有限公司","W207-苏州-Pathon开发","苏州-吴中","1.2万-1.5万"
"1","苏州奇梦者科技有限公司","C语言开发工程师","苏州-吴中","1万-1.5万"
"2","软通动力信息技术(集团)股份有限公司","Java高级开发工程师","苏州-吴中","1.3万-2.3万"
"3","威芯星智能科技(苏州)有限公司","嵌入式软件工程师（物联网）","苏州-吴中","1.5万-2万"
"4","苏州弗格信息科技有限公司","c#开发工程师","苏州-吴中","1万-1.6万"
"5","苏州德睦信息科技有限公司",".NET研发工程师","苏州-相城","8千-1.2万"
"6","苏州恩巨网络有限公司","C++开发工程师","苏州","1.5万-3万"
"7","国泰新点软件股份有限公司","张家港.net开发工程师","苏州-张家港","8千-1万"
"8","江苏拓普森房地产资产评估规划测绘有限公司","GIS开发工程师","苏州","1万-2万"
"9","苏州法斯特企业管理咨询有限公司",".NET开发工程师","苏州-虎丘","9千-1.3万"
"10","赛腾股份","abap开发工程师","苏州-吴中","1万-2万"
"11","江苏兰之天软件技术有限公司",".NET开发工程师","苏州-太仓","8千-1.6万"
"12","株式会社ProfaceSystems","赴日软件工程师（大学毕业生）","苏州-昆山","1.5万-2万"
"13","苏州香农科技有限公司","MES开发工程师","苏州","1.5万-2万"
"14","苏州伊欧陆系统集成有限公司","软件工程师","苏州-虎丘","1万-2万"
"15","北京瑞友科技股份有限公司","rpa工程师","苏州-虎丘","1.2万-1.7万"
"16","湖北派易达人力资源有限公司","嵌入式开发工程师","苏州-虎丘","1.3万-1.6万"
"17","凌志软件","salesforce开发工程师（对日）","苏州-虎丘","1.3万-1.6万"
"18","海隆软件(昆山)有限公司","对日软件开发项目组长","苏州-昆山","1.4万-2万"
"19","北京国氢中联氢能科技研究院有限公司","软件开发工程师","苏州-常熟","1.6万-2.5万"
"20","软通动力信息技术(集团)股份有限公司","RPA","苏州-吴中","1.1万-2万"
"21","苏州国科康成医疗科技有限公司","医学影像处理软件开发工程师","苏州","8千-1.3万"
"22","上海微创软件股份有限公司","python开发工程师","苏州-虎丘","1万-2万"
"23","苏州六子台科技有限公司","PHP开发工程师","苏州-吴中","1万-1.5万"
"24","上海松盛机器人系统有限公司","软件工程师","苏州-昆山","8千-1.5万"
"25","株式会社ProfaceSystems","赴日软件工程师（大学毕业生）","苏州-张家港","1.5万-2万"
"26","大西电子仪器(昆山)有限公司","软件设计工程师","苏州-昆山","1万-1.6万"
"27","苏州艾菲凌智能科技有限公司","算法工程师","苏州","6千-1.2万"
"28","柔胜刚智能科技(苏州)有限公司","软件工程师","苏州-太仓","1.3万-2.6万"
"29","邦鼎智能科技(苏州)有限公司",".NET开发工程师","苏州-相城","1万-1.6万"
"0","浙江亿邦通信科技股份有限公司","驱动开发工程师","苏州-虎丘","1.4万-2万"
"1","苏州工业园区文鼎科技有限公司","软件工程师","苏州-吴江","1.5万-2.5万"
"2","凯睿德制造软件(苏州)有限公司","软件工程师（苏州）","苏州-吴中","1万-2万"
"3","苏州空谷网络科技有限公司","Java全栈工程师","苏州-虎丘","1万-2万"
"4","苏州市青英信息科技有限公司","C#软件开发工程师","苏州-吴江","1.5万-2.5万"
"5","外企德科","Java/运维/测试/试用期全薪","苏州-虎丘","1.5万-3万"
"6","郑州纳石信息科技有限公司",".net开发工程师","苏州-吴中","9千-1.2万"
"7","普源精电科技股份有限公司","嵌入式软件开发工程师","苏州","1.5万-2.5万"
"8","青岛奥利普奇智智能工业技术有限公司",".NET开发工程师","苏州-姑苏","1.3万-2万"
"9","泛普科技","PHP工程师","苏州-虎丘","8千-1.5万"
"10","欧立腾(北京)技术咨询有限公司上海分公司","python开发（tornado框架，外企福利好）","苏州-吴中","1.2万-1.4万"
"11","外企德科","Python开发工程师","苏州-虎丘","1.4万-2.1万"
"12","苏州格道企业管理咨询有限公司","初级嵌入式软件工程师","苏州-虎丘","8千-1万"
"13","苏州工业园区人力资源和社会保障局","技术经理（java)-智慧芽","苏州-虎丘","3万-4万"
"14","苏州彤帆智能科技有限公司","初级软件工程师","苏州","6千-1万"
"15","苏州天弘激光股份有限公司","软件工程师","苏州-吴中","1.8万-3万"
"16","浙江普康智慧养老产业科技有限公司","嵌入式软件开发工程师","苏州-吴江","6千-1万"
"17","苏州鸿鹄骐骥电子科技有限公司","嵌入式软件工程师","苏州","8千-1.6万"
"18","外企德科","C++开发工程师","苏州-虎丘","1.4万-2万"
"19","苏州光图智能科技有限公司","C++软件开发工程师","苏州-虎丘","1.4万-2万"
"20","苏州恒浦测试科技有限公司","上位机软件开发工程师","苏州-昆山","1万-1.5万"
"21","郑州纳石信息科技有限公司",".NET开发工程师","苏州-吴中","9千-1.3万"
"22","以诺康医疗科技(苏州)有限公司","上位机软件工程师","苏州-虎丘","1.5万-2.5万"
"23","苏州冠鸿智能装备有限公司","c#开发工程师","苏州-吴中","1.5万-2万"
"24","慧灵科技","C#软件开发工程师","苏州-昆山","1.2万-2.2万"
"25","广州视源电子科技股份有限公司","C++软件开发工程师","苏州-吴中","1.5万-2万"
"26","苏州市福川科技有限公司","C++/Qt开发工程师","苏州-虎丘","1万-2万"
"27","大连思泰克科技有限公司","linux开发工程师","苏州-虎丘","1.3万-1.6万"
"28","三微电子科技(苏州)有限公司","C++开发工程师","苏州-吴中","1.5万-3万"
"29","江苏亨通太赫兹技术有限公司","C++开发工程师","苏州-吴江","1.2万-2.4万"
"0","深圳市正业玖坤信息技术有限公司","软件工程师（苏州）","苏州-虎丘","1万-1.5万"
"1","苏州清研精准汽车科技有限公司北京分公司","C#软件工程师","苏州-吴中","1.5万-2.5万"
"2","苏州金色未来信息咨询股份有限公司","系统架构师","苏州","1.5万-2万"
"3","俐玛光电科技(北京)有限公司","软件工程师","苏州-吴中","1.5万-3万"
"4","科大国创软件股份有限公司","cc++c#开发工程师","苏州-虎丘","面议"
"5","广州虹科电子科技有限公司","嵌入式工程师（全国）","苏州-虎丘","8千-1.6万"
"6","湖南拓维云创科技有限责任公司","C++开发工程师","苏州-虎丘","1.5万-2.2万"
"7","江苏麦洛电气有限公司","嵌入式软件工程师（应届）","苏州-姑苏","8千-1.6万"
"8","云计划软件科技","对日Java","苏州-吴中","6千-8千"
"9","武汉金测检测技术有限公司","C#软件工程师","苏州-昆山","1万-1.5万"
"10","苏州市安孚企业管理信息咨询服务有限公司","PHP开发工程师","苏州-吴中","2万-3万"
"11","浩辰软件","C#软件工程师","苏州","1万-1.5万"
"12","全亿健康药房有限公司",".NET开发工程师(J10464)","苏州-吴中","1.1万-1.8万"
"13","苏州群迈自动化科技有限公司","软件工程师","苏州","1万-2万"
"14","苏州冠鸿智能装备有限公司","中级软件工程师","苏州","7千-1.2万"
"15","苏州金橙子激光技术有限公司","c#软件工程师","苏州-虎丘","1.4万-2.2万"
"16","苏州格道企业管理咨询有限公司","C#开发工程师","苏州-虎丘","1.5万-2.5万"
"17","苏州空谷网络科技有限公司","PHP实习生","苏州-虎丘","3千-5千"
"18","苏州优备精密智能装备股份有限公司","c#开发工程师","苏州-虎丘","1.2万-2.4万"
"19","昆山亚得利智能科技有限公司","嵌入式软件开发工程师","苏州-昆山","1万-1.8万"
"20","苏州金色未来信息咨询股份有限公司","C#开发工程师","苏州-吴中","1.5万-1.9万"
"21","武汉达梦数据库股份有限公司","软件研发工程师","苏州-吴中","1.3万-2万"
"22","苏州正雄企业发展有限公司","Java应用架构师","苏州","2.5万-3万"
"23","华工激光","软件工程师","苏州-工业园区","1万-1.5万"
"24","苏州博康智能科技有限公司","上位机软件开发工程师","苏州-虎丘","1.3万-2.6万"
"25","苏州吾域科技有限公司","Python研发工程师","苏州-吴中","1.5万-2万"
"26","博彦科技承德有限公司","c++开发工程师","苏州-虎丘","1.5万-2万"
"27","苏州硕实电子科技有限公司","资深嵌入式开发工程师","苏州-相城","1.5万-2万"
"28","力神电池(苏州)有限公司","mes工程师","苏州-高新区","1.2万-1.8万"
"29","苏州格道企业管理咨询有限公司","Java工程师","苏州-虎丘","1.2万-2万"
"0","苏州工业园区人力资源和社会保障局","软件开发工程师-凌志软件","苏州-虎丘","8千-1.2万"
"1","苏州振旺光电有限公司","Qt开发工程师","苏州-虎丘","1万-1.8万"
"2","昆山市工业技术研究院有限责任公司","嵌入式软件工程师（智能所）","苏州","1万-2万"
"3","苏州通商软件科技有限公司","odoo开发工程师","苏州-虎丘","8千-1.6万"
"4","苏州杰锐思智能科技股份有限公司","C#软件工程师","苏州-吴中","1.5万-2万"
"5","苏州视印智能系统有限公司","软件工程师","苏州","6千-1.2万"
"6","上海卓迈汽车技术服务有限公司","上位机开发工程师","苏州-昆山","1.1万-1.6万"
"7","昆山艾派斯软件科技有限公司","mes工程师","苏州-昆山","1万-1.5万"
"8","智联猎头","WPF工程师-索拉科技","苏州-姑苏","8千-1.2万"
"9","苏州宝捷信息科技有限公司","vb软件开发工程师","苏州-吴中","9千-1.2万"
"10","嘉兴景焱智能装备技术有限公司","软件工程师","苏州-工业园区","1.2万-2.4万"
"11","苏州艾氪英诺机器人科技有限公司","c++软件开发工程师","苏州-相城","1.9万-3万"
"12","株式会社レッツ·ビジネスブレーン","赴日软件开发","苏州-姑苏","1万-2万"
"13","急速国际物流科技(深圳)有限公司","PHP开发","苏州-姑苏","8千-1.2万"
"14","苏州视印智能系统有限公司","嵌入式软件工程师","苏州","8千-1.5万"
"15","苏州金色未来信息咨询股份有限公司","C#开发","苏州-吴中","1.2万-1.3万"
"16","苏州艾氪英诺机器人科技有限公司","C++软件开发工程师","苏州-相城","1.5万-2.5万"
"17","北京帝森克罗德技术有限公司","嵌入式软件工程师","苏州-昆山","8千-1.6万"
"18","深圳市德晟达电子科技有限公司","嵌入式BSP工程师","苏州-虎丘","2万-3.5万"
"19","昆山凯蓝环保科技有限公司","嵌入式软件工程师","苏州-昆山","8千-1.5万"
"20","郑州海奥软件科技有限公司",".NET开发工程师","苏州-吴中","1.1万-1.5万"
"21","北京启融科技有限公司","嵌入式应用开发","苏州-吴中","2.5万-4万"
"22","江苏苏净集团有限公司","嵌入式软件工程","苏州","7千-1.2万"
"23","江苏兰之天软件技术有限公司",".NET中级软件开发工程师","苏州-太仓","8千-1.6万"
"24","和顺电气股份","软件工程师","苏州","1万-1.8万"
"25","株式会社ProfaceSystems","赴日软件工程师（大学毕业生）","苏州-常熟","1.5万-2万"
"26","ユニークシステム株式会社","赴日java/.net/cobol软件开发工程师-中高级","苏州","1.5万-2万"
"27","苏州橙柳电子精密有限公司","ERP开发工程师","苏州","1.2万-2万"
"28","乐普医疗","C++开发工程师","苏州-虎丘","1.3万-2.5万"
"29","苏州工业园区格比机电有限公司","mes软件开发工程师","苏州","1.5万-2万"
"0","成都卓影科技股份有限公司","高级java开发工程师","上海-浦东","1.3万-1.8万"
"1","上海卓畅信息技术有限公司","后端开发","上海-浦东","1.2万-2.4万"
"2","上海山源电子科技股份有限公司","软件后端开发工程师(J10004)","上海-松江","1.2万-2.2万"
"3","万宝盛华企业管理咨询(上海)有限公司北京分公司","高级后端开发工程师/后端开发专家（服务端开发）","上海-静安","2.5万-3.5万"
"4","上海朱立业创业孵化器有限公司","Java后端开发工程师","上海-黄浦","3万-4万"
"5","江西磊沃信息技术有限公司","后端开发","上海-黄浦","1万-1.5万"
"6","上海太屋网络科技有限公司","java后端开发工程师","上海-浦东","1万-1.8万"
"7","上海东欣软件工程有限公司","后端开发人员","上海","1.2万-1.6万"
"8","蓝聪科技(上海)股份有限公司","Java/后端开发工程师","上海-浦东","1万-1.2万"
"9","上海金亥通信设备有限公司","后端开发工程师（JAVA）（上海）","上海-浦东","8千-1.5万"
"10","燕梭金融信息科技(上海)有限公司","中级后端开发工程师","上海-浦东","8千-1.1万"
"11","上海坤策文化传播有限公司","后端开发工程师","上海","1.2万-1.8万"
"12","上海勇心网络科技有限公司","后端开发工程师","上海-徐汇","1.2万-2.4万"
"13","瑞庭网络技术（上海）有限公司-安居客","后端开发工程师（实习生）-上海(J28821)","上海-浦东","150-200/天"
"14","上海北羽自动化科技有限公司","软件开发工程师（后端）","上海-浦东","1万-1.5万"
"15","上海岩易科技有限公司","软件开发后端工程师","上海-浦东","1.2万-1.8万"
"16","燕梭金融信息科技(上海)有限公司","高级后端开发工程师","上海-浦东","1.1万-1.3万"
"17","广州聚豪科技有限公司","后端开发助理","上海-长宁","4千-6千"
"18","太阳生物技术","Web后端开发工程师","上海-闵行","1.5万-2万"
"19","上海中大肿瘤医院有限公司","后端开发","上海","1万-1.3万"
"20","上海韦翰斯生物医药科技有限公司","后端开发工程师","上海-浦东","1.3万-2万"
"21","成都迈思信息技术有限公司","Java后端开发工程师","上海-徐汇","1.5万-2.2万"
"22","上海宝掣科技有限公司","Java后端开发工程师","上海-宝山","7千-1.2万"
"23","杭州茵岢科技有限责任公司","Golang后端开发","上海-杨浦","1.3万-1.8万"
"24","欣和企业","高级后端开发工程师","上海-长宁","2.5万-3万"
"25","沛德光电科技(上海)有限公司","java后端开发工程师","上海-浦东","1.5万-2.5万"
"26","上海之江生物科技股份有限公司","高级后端开发工程师","上海-闵行","1.7万-2.8万"
"27","软通动力信息技术(集团)股份有限公司","后端开发工程师","上海-虹口","1万-1.5万"
"28","上海寻序人工智能科技有限公司","后端开发工程师","上海-嘉定","2万-3.5万"
"29","上海奕盛软件有限公司","后端开发工程师","上海-闵行","7千-1.4万"
"0","德科信息有限公司","java后端开发工程师（数据开发平台项目）","上海-青浦","1.2万-2.4万"
"1","上海超霸美容美发用品有限公司","小程序商城后端开发","上海","8千-1.2万"
"2","法罗适(上海)医疗技术有限公司","后端开发工程师","上海","1.5万-3万"
"3","上海铱维思智能科技有限公司","Python后端开发实习生","上海-长宁","150-250/天"
"4","中国船舶集团海舟系统技术有限公司","后端开发工程师","上海-黄浦","1.9万-3万"
"5","杭州尽良筹物业管理有限公司","java后端开发工程师","上海-浦东","1.5万-2.5万"
"6","北京中软环球信息技术有限公司","java后端开发工程师","上海-黄浦","1.2万-1.9万"
"7","上海英伟泰克数字科技有限责任公司","后端开发工程师","上海-闵行","1.5万-2.5万"
"8","上海农商银行","JOLEMLR-总行金融科技部软件开发工程师（后端）","上海-浦东","面议"
"9","熠保科技(上海)有限公司","python后端开发工程师","上海-浦东","2万-3万"
"10","武汉讯锡云科技有限公司","后端开发工程师-大厂","上海-青浦","2万-2.7万"
"11","上海农商银行","JG2YDBY-总行金融科技部高级软件开发工程师（后端）","上海-浦东","面议"
"12","上海复深蓝软件股份有限公司","java开发工程师（前后端不分离）","上海-黄浦","1.6万-1.8万"
"13","上海勤商物联网科技股份有限公司","后端开发工程师","上海-嘉定","3万-5万"
"14","成都迈思信息技术有限公司","后端开发工程师","上海-徐汇","1.5万-2.2万"
"15","武汉讯锡云科技有限公司","后端开发工程师-Python","上海-青浦","2万-2.7万"
"16","超图软件","驻场后端开发工程师","上海-徐汇","1.3万-1.6万"
"17","吉祥航空","后端开发工程师（JAVA）","上海","1.8万-2.5万"
"18","上海智能制造功能平台有限公司","后端开发工程师(.netcore)","上海-浦东","1.7万-3万"
"19","上海曼恒数字技术股份有限公司","后端开发工程师","上海-松江","1.2万-2万"
"20","上海岩易科技有限公司","后端中、高级开发工程师","上海-浦东","1.1万-2万"
"21","万宝盛华企业管理咨询(上海)有限公司北京分公司","后端PHP开发工程师","上海-浦东","2.5万-3万"
"22","上海众茂医疗科技有限公司","java后端开发工程师","上海-浦东","1.5万-2万"
"23","上海术丛智能科技有限责任公司","Java后端开发工程师","上海-徐汇","1.8万-2.5万"
"24","聚禾未来供应链科技(上海)有限公司","Java后端开发工程师","上海-浦东","1.5万-2万"
"25","万宝盛华企业管理咨询(上海)有限公司北京分公司","高级后端开发工程师/后端开发专家","上海-静安","3万-4万"
"26","人保信息科技有限公司","人保科技-研发中心-信息技术条线-软件开发岗-后端-科技专项招聘(J57718)","上海-松江","2万-3.5万"
"27","上海金亥通信设备有限公司","Java后端开发工程师","上海-浦东","1.5万-3万"
"28","万宝盛华企业管理咨询(上海)有限公司北京分公司","JAVA/GO后端开发","上海-静安","3万-4万"
"29","上海微创软件股份有限公司","后端开发工程师","上海-浦东","1.5万-1.8万"
"0","上海金亥通信设备有限公司","数据中台高级后端开发工程师","上海-浦东","1.6万-2.1万"
"1","中科软科技股份有限公司","Java后端开发工程师","上海-浦东","1万-2万"
"2","拼多多","Java后端开发工程师","上海-长宁","2.5万-4万"
"3","瞬联讯通科技(北京)有限公司","中级Java后端开发工程师-294","上海-黄浦","1.6万-2.1万"
"4","上海憬芯科技有限公司","python后端开发工程师-资深","上海-杨浦","1.4万-2.2万"
"5","上海澄域环保工程有限公司",".net后端开发工程师","上海-奉贤","1.4万-1.8万"
"6","法本信息","手游后端开发","上海-徐汇","1万-1.2万"
"7","万宝盛华企业管理咨询(上海)有限公司北京分公司","高级后端开发工程师/后端开发专家","上海-静安","2.9万-4.5万"
"8","燕梭金融信息科技(上海)有限公司","资深java后端开发工程师","上海-徐汇","1.5万-2万"
"9","中信期货有限公司","中证资本-信息技术部-Java后端开发工程师G00725","上海-浦东","1.2万-2万"
"10","巧数(上海)网络科技有限公司","PHP后端开发工程师","上海-浦东","1.5万-2.5万"
"11","鑫项云企业服务(上海)有限公司","web后端开发工程师","上海-奉贤","1万-1.2万"
"12","上海信息人才服务有限公司","Golang后端开发","上海-浦东","2.3万-3万"
"13","埃思本软件技术(上海)有限公司","SrSoftwareDeveloper后端开发","上海-浦东","2万-2.5万"
"14","无锡奥维斯管理咨询有限公司","Java后端开发工程师","上海-黄浦","1.5万-2.3万"
"15","上海金亥通信设备有限公司","数据中台高级后端开发工程师","上海-浦东","1.5万-2万"
"16","人车云(广州)网络科技有限公司","java后端开发工程师（西安+上海）","上海-闵行","2万-3万"
"17","吉祥航空","后端开发工程师-数据","上海","1.5万-2.5万"
"18","上海嘉扬人力资源管理有限公司","后端开发工程师（C#)","上海-青浦","2万-2.5万"
"19","上海沸橙信息科技有限公司","金融类QT后端开发（C++学信网）","上海-浦东","1.7万-2.1万"
"20","华为技术有限公司","后端开发工程师","上海-浦东","面议"
"21","博彦科技","Golang后端开发-徐汇M","上海-徐汇","1.8万-2.5万"
"22","上海历影数字科技有限公司","unity后端开发工程师","上海","2.2万-2.8万"
"23","陕西鸿亚文才企业管理咨询有限公司","后端开发工程师","上海-浦东","1.5万-2万"
"24","外企德科","【上海】后端开发：Java/C/C++/Python/GO/JS","上海-浦东","1.8万-3.5万"
"25","深圳南区人瑞人力资源服务有限公司","后端开发工程师","上海-闵行","1.5万-3万"
"26","上海中智人才顾问咨询有限公司","后端开发-230032","上海-浦东","1.5万-2万"
"27","外企德科","Java后端开发工程师","上海-浦东","1.1万-2.2万"
"28","重庆中流砥柱人力资源管理有限公司","后端开发工程师（年40-100W）","上海-黄浦","3.5万-6.5万"
"29","上海艾杰飞人才管理咨询有限公司","C#后端开发工程师风口行业(149214)","上海-闵行","2万-2.5万"
"0","外企德科","后端开发JAVA/C/C++/Python","上海-浦东","1.4万-2.8万"
"1","上海沃锐企业发展有限公司","后端java工程师","上海-黄浦","1.5万-2万"
"2","上海趋菱信息科技有限公司","后端实习工程师","上海-杨浦","150-300/天"
"3","外企德科","开发/测试/前后端/Java，C，Python，Go应届也可","上海-浦东","1.5万-2.9万"
"4","上海仪电数字技术股份有限公司","后台开发工程师（应届生）","上海","1.2万-1.8万"
"5","小零科技","后端实习生","上海-浦东","150-200/天"
"6","外企德科","后端、前端、算法、测试开发工程师","上海-浦东","1.4万-2.8万"
"7","智车(上海)实业有限公司","后台开发工程师","上海-闵行","1.8万-3.5万"
"8","护航科技股份有限公司","java后端工程师（合肥）","上海-浦东","1.4万-1.8万"
"9","外企德科","Java后端开发工程师（各语言都可+大厂+双休）","上海-浦东","1.5万-3万"
"10","安徽思脉网络信息服务有限公司","Java后端合伙人","上海-浦东","5千-6千"
"11","广州思信电子科技有限公司","数字ic后端工程师","上海-浦东","8.5万-15万"
"12","外企德科","前后端开发工程师JAVACC++JSGOPython","上海-浦东","1.5万-3万"
"13","北京恩穗企业咨询有限责任公司","Golang后端工程师","上海-徐汇","3.5万-7万"
"14","广州思信电子科技有限公司","数字后端工程师","上海-浦东","1.2万-2.4万"
"15","外企德科","后端开发工程师","上海-浦东","1.5万-3万"
"16","北京康吉森自动化技术股份有限公司","后端工程师","上海-浦东","1.5万-2万"
"17","武汉佰钧成技术有限责任公司","java后端工程师","上海-松江","2万-2.5万"
"18","外企德科","前后端开发工程师","上海-浦东","1.5万-3万"
"19","大连天立软件有限公司","高级后端工程师","上海-浦东","2万-3万"
"20","智联猎头","高级JAVA工程师[后端和中台]","上海-杨浦","1.8万-2万"
"21","外企德科","Java开发（前后端、android都需要）","上海-浦东","1.5万-3万"
"22","上海妙点网络科技有限公司","node.js后端工程师","上海","1.4万-2万"
"23","上海九方云智能科技有限公司","后端服务专员","上海-青浦","1.7万-2.9万"
"24","外企德科","软件开发工程师（后端）","上海-浦东","1.5万-3万"
"25","大展信息科技(深圳)有限公司","NodeJS后端-新能源","上海-长宁","1.2万-1.6万"
"26","上海绯逸信息技术有限公司","高级Java后端工程师","上海-浦东","1.5万-1.9万"
"27","外企德科","前后端开发","上海","1.5万-3万"
"28","北京艾芯集成电路设计有限公司","初级后端物理设计","上海-浦东","1.4万-2.4万"
"29","深圳市杰思信息技术服务有限公司","数字后端工程师","上海-闵行","5万-9万"
"0","西安芯瞳半导体技术有限公司","数字后端专家&工程师","上海-浦东","2万-3万"
"1","无锡芯领域微电子有限公司","数字IC后端设计工程师","上海-浦东","8千-1.6万"
"2","上海海能证券投资顾问有限公司","后端客服助理-双休","上海-杨浦","1万-1.5万"
"3","上海日观芯设自动化有限公司","数字后端工程师","上海-浦东","4万-8万"
"4","上海中和应泰财务顾问有限公司","金融后端服务（非销售）","上海-浦东","3万-5万"
"5","广州至拓网络科技有限公司","数字后端工程师（上海）","上海-黄浦","3.5万-6.5万"
"6","上海夺畅网络技术有限公司","底薪10K/后端维护+二次续费/周末双休","上海","1.5万-3万"
"7","北京艾芯集成电路设计有限公司","集成电路后端设计/物理设计","上海","3.5万-7万"
"8","上海中和应泰财务顾问有限公司","金融后端","上海-浦东","1.8万-2.2万"
"9","上海妙点网络科技有限公司","node.js后端工程师","上海","1.2万-1.8万"
"10","上海海能证券投资顾问有限公司","后端客服-双休交金-非营销","上海-杨浦","1万-1.5万"
"11","上海中和应泰财务顾问有限公司","证券后端服务","上海-浦东","1.8万-2.7万"
"12","四川必倍科技有限公司","数字后端leader（北京，上海，杭州，成都，深圳，长沙）","上海-浦东","4万-8万"
"13","上海海能证券投资顾问有限公司","投顾助理-后端","上海-杨浦","1万-1.5万"
"14","IDP教育集团","澳新文案服务顾问（中后端）","上海-黄浦","6千-8千"
"15","上海中和应泰财务顾问有限公司","后端已成交客户维护","上海","1.7万-3万"
"16","勤为科技有限公司","后端催收专员+入职购买五险一金+首月保底5k+高薪","上海-浦东","7千-1.4万"
"17","美新半导体（无锡）有限公司","数字后端工程师","上海-浦东","2.5万-5万"
"18","安世亚太科技股份有限公司","云原生后端架构师","上海-浦东","3.5万-5万"
"19","北京艾芯集成电路设计有限公司","Physicaldesign/ICdesign/后端设计/物理设计","上海","4万-8万"
"20","杭州寻英企业管理咨询有限公司","后端设计高级/资深专家（TopLevel）","上海-浦东","5万-8万"
"21","联众融资租赁(上海)有限公司","后端车贷催收（内催+双休）","上海-浦东","1.8万-2.6万"
"22","上海中和应泰财务顾问有限公司","金融后端服务（非销售）","上海-浦东","1万-1.5万"
"23","上海九方云智能科技有限公司","股票后端服务（高提成+餐补+双休）","上海-青浦","1.5万-2万"
"24","苇创微电子(上海)有限公司","资深数字后端工程师","上海-浦东","3.5万-7万"
"25","上海中和应泰财务顾问有限公司","后端服务（非销售性质，综合月入2-6w）","上海-浦东","3万-6万"
"26","苏州易速博人工智能科技有限公司","Node.js后端工程师","上海-嘉定","1万-1.5万"
"27","比亚迪","ic数字后端工程师","上海-浦东","3万-4万"
"28","上海中和应泰财务顾问有限公司","后端服务（福利待遇棒！）","上海-浦东","3万-6万"
"29","鑫鼎盛期货有限公司","客户经理（后端）","上海-浦东","6千-1万"
"0","比亚迪","高级数字后端设计工程师","上海-浦东","3万-5.5万"
"1","合肥睿科微电子有限公司","后端工程师","上海-浦东","2万-4万"
"2","上海中和应泰财务顾问有限公司","后端老师（非销售岗）有证券从业资格证","上海-浦东","2万-3万"
"3","无锡奥维斯管理咨询有限公司","java后端工程师","上海-黄浦","1.8万-2.3万"
"4","忆月启函(上海)科技有限公司","高级数字后端工程师（Place&Route）","上海-浦东","2万-4万"
"5","上海中和应泰财务顾问有限公司","金融后端服务（非销售月入3w）","上海-浦东","2万-3万"
"6","北京艾芯集成电路设计有限公司","Physicaldesign/ICdesign/后端设计/物理设计","上海","4万-7万"
"7","忆月启函(上海)科技有限公司","高级数字后端工程师（Place&Route）","上海-浦东","2万-4万"
"8","南京特谙斯企业咨询有限公司","数字后端设计","上海-闵行","3万-4万"
"9","北京艾芯集成电路设计有限公司","后端设计主管/Physicaldesignleader","上海","5万-9万"
"10","无锡芯领域微电子有限公司","资深数字IC后端设计工程师","上海-浦东","2.5万-5万"
"11","蔚来汽车","后端运维质量管理","上海-闵行","1.5万-2.5万"
"12","上海华驿汽车技术有限公司","高精地图后台开发工程师","上海-浦东","1.3万-1.7万"
"13","中芯国际集成电路制造(上海)有限公司","数字后端设计工程师(J10938)","上海","2.9万-5.5万"
"14","无锡中感微电子股份有限公司","芯片设计后端工程师","上海-浦东","2.5万-3.5万"
"15","时擎智能科技(上海)有限公司","（高级/主管）芯片后端设计工程师","上海-浦东","3.5万-5万"
"16","比亚迪","主任中后端工程师（数字IC）","上海-浦东","4万-6万"
"17","上海海能证券投资顾问有限公司","后端服务老师（证券投顾行业）","上海-杨浦","2万-4万"
"18","无锡芯领域微电子有限公司","专家数字IC后端设计工程师","上海-浦东","4万-7万"
"19","上海聪链信息科技有限公司","芯片研发后端工程师","上海-浦东","3万-5万"
"20","时擎智能科技(上海)有限公司","芯片后端设计资深工程师/经理","上海-浦东","4.5万-6.5万"
"21","北京华大九天科技股份有限公司","技术支持工程师（模拟IC后端EDA工具）","上海-浦东","2万-3.5万"
"22","正德人力资源股份有限公司","智慧家庭工程师-后端/家宽业务综合处理","上海-静安","8千-1万"
"23","深圳南区人瑞人力资源服务有限公司","Java后端工程师/高并发/小程序/移动端/2C","上海-徐汇","2万-4万"
"24","外企德科","C/C++后端工程师","上海","2.1万-3.5万"
"25","南京一招一熙人力资源有限公司","数字后端（包括综合&STA等）","上海-浦东","5万-8万"
"26","潍坊睿仕达企业管理咨询有限公司","后端设计部模拟电路设计工程师（驱动方向）-base上海或西安","上海-浦东","4万-8万"
"27","外企德科","java、C/c++、js、Python等后端发开工程师","上海-浦东","1.8万-3万"
"28","湖南诚可达人力资源有限公司","数字IC后端工程师","上海-浦东","4万-6万"
"29","湖南弗麦伊企业管理有限公司","数字IC后端设计工程师","上海-徐汇","4万-8万"
"0","上海特密物流有限公司","Java开发工程师","上海-浦东","1万-1.2万"
"1","上海有亿信息科技有限公司","Java开发工程师（应届生）","上海-闵行","8千-9千"
"2","上海中科软科技有限公司","Java开发工程师","上海","8千-1.6万"
"3","上海云瀚科技股份有限公司","Java开发实习生","上海-徐汇","3千-6千"
"4","上海喆思电子技术有限公司","Java开发人员","上海-黄浦","6千-8千"
"5","深圳市天软科技开发有限公司","Web开发工程师","上海-浦东","5千-8千"
"6","上海正蓝电子信息系统有限公司","java开发工程师","上海-徐汇","8千-1.2万"
"7","智联猎头","Java开发工程师","上海-黄浦","1万-2万"
"8","上海鸣皋教育科技有限公司","初级java开发工程师","上海-宝山","6千-1万"
"9","上海盈开美健网络科技有限公司","Java开发工程师","上海-崇明","8千-1.6万"
"10","上海长庚信息技术股份有限公司","Java开发应届生","上海","8千-1.2万"
"11","上海晨钦信息科技服务有限公司","Java开发工程师（初中高级）","上海-浦东","1.2万-1.5万"
"12","上海宁盾信息科技有限公司","Java开发工程师","上海-徐汇","1万-2万"
"13","博彦科技","Java开发工程师","上海-浦东","1.1万-2.2万"
"14","京北方","初级Java开发工程师","上海-黄浦","1.2万-1.4万"
"15","上海新朋程数据科技发展有限公司","java开发工程师","上海","7千-1.2万"
"16","珠海赞同科技有限公司","Java软件开发工程师(MJ001200)","上海-虹口","1.5万-2万"
"17","北京汉克时代科技有限公司","java开发","上海-浦东","1万-1.3万"
"18","上海海隆软件有限公司","软件开发工程师","上海-徐汇","6千-8千"
"19","上海海隆华思计算机系统有限公司","对日开发（2023应届）","上海-普陀","8千-1.2万"
"20","上海蓝桂汽车科技有限公司","Java开发工程师","上海","9千-1.5万"
"21","上海无学网络科技有限公司","java开发工程师助理","上海-徐汇","6千-1万"
"22","沈阳东硕信息技术有限公司","Java开发工程师","上海-宝山","9千-1.3万"
"23","申朴信息","Java开发（10）","上海-浦东","1.4万-2万"
"24","上海数慧系统技术有限公司","JAVA开发工程师3101","上海-浦东","9千-1.4万"
"25","皓炼投资(深圳)有限公司","java开发工程师","上海-杨浦","8千-1.5万"
"26","上海中汇亿达金融信息技术有限公司","Java开发工程师（上海）","上海-浦东","1万-1.5万"
"27","广州市新文溯科技有限公司","Java开发工程师","上海-浦东","8千-1.5万"
"28","北京领雁科技股份有限公司","初中级java开发工程师","上海-浦东","9千-1.3万"
"29","中科软科技股份有限公司","Java开发工程师","上海-浦东","7千-1.4万"
"0","上海嘉勉信息技术有限公司","java开发实习生","上海","150-200/天"
"1","深圳市嘉卉互联科技有限公司","初级java开发工程师","上海-浦东","1.1万-1.8万"
"2","上海太屋网络科技有限公司","java工程师11-16K·14薪","上海-浦东","8千-1.6万"
"3","上海久华信息科技股份有限公司","Java开发工程师","上海","8千-1.6万"
"4","长三角安能新能源科技(上海)有限公司","java开发工程师","上海-长宁","1.8万-2.5万"
"5","上海汇赋科技信息有限公司","软件开发工程师","上海-嘉定","7千-1.2万"
"6","上海天正信息科技有限公司","Java开发工程师","上海-浦东","8千-1.1万"
"7","汇纳科技","Java开发工程师","上海-浦东","8千-1.2万"
"8","上海赫则信息科技有限公司","Java开发工程师","上海-闵行","1.2万-1.4万"
"9","沈阳东硕信息技术有限公司","java开发工程师","上海-宝山","8千-1.3万"
"10","上海天畅信息技术有限公司","Java开发工程师","上海-浦东","1.3万-2万"
"11","上海儒一信息科技有限公司","java开发","上海-浦东","1.1万-1.9万"
"12","有启(上海)信息科技有限公司","java初级开发工程师","上海-徐汇","6千-8千"
"13","朗新科技集团股份有限公司","Java开发工程师Base无锡提供住宿（校招）(J13519)","上海-浦东","8千-1.1万"
"14","北京神州数字科技有限公司","Java开发工程师","上海-浦东","1.4万-2.5万"
"15","上海晨钦信息科技服务有限公司","Java开发工程师","上海-浦东","1.5万-2万"
"16","创趋科技(上海)股份有限公司","Java开发工程师（金融）","上海-虹口","1万-2万"
"17","爱绿教育","Java开发工程师","上海-闵行","1.2万-1.8万"
"18","上海城市地理信息系统发展有限公司","软件开发工程师","上海-徐汇","1.2万-1.8万"
"19","软通动力信息技术(集团)股份有限公司","java开发（外派哔哩哔哩）","上海-杨浦","1.4万-1.7万"
"20","京北方","初中高级java开发工程师","上海-黄浦","1万-1.8万"
"21","上海思普信息技术有限公司","Java开发工程师","上海-徐汇","9千-1.7万"
"22","上海中科软科技有限公司","java开发工程师（漕河泾）","上海-徐汇","1万-1.4万"
"23","上海云瀚科技股份有限公司","Java开发工程师","上海-徐汇","1.1万-1.6万"
"24","法本信息","Java开发工程师","上海-徐汇","1万-2万"
"25","中芯国际集成电路制造(上海)有限公司","Java开发工程师(J10996)","上海","1万-1.5万"
"26","上海君昇电子信息工程有限公司","软件工程师","上海-浦东","6千-9千"
"27","上海能誉科技股份有限公司","java工程师","上海-浦东","1万-1.8万"
"28","上海思普信息技术有限公司","C++开发工程师","上海-徐汇","8千-1.5万"
"29","莒南县博大信息技术有限公司","java开发","上海-嘉定","8千-1.2万"
"0","中科软科技股份有限公司","java开发工程师","上海","1.2万-2万"
"1","上海天正软件有限公司","java开发工程师","上海-浦东","1.2万-1.6万"
"2","拜椰特(上海)软件技术有限公司","Java","上海","1万-2万"
"3","星网信通","Java开发工程师（上海-驻场）","上海-徐汇","8千-1.6万"
"4","上海孟伯智能物联网科技有限公司","Java开发工程师","上海-宝山","1万-1.7万"
"5","长城保险经纪有限公司","Java开发工程师（上海）","上海-普陀","8千-1.5万"
"6","北京启众软件科技有限公司","Java开发工程师","上海-浦东","1万-1.5万"
"7","中软国际","Java开发（上海）","上海-浦东","面议"
"8","新意科技","Java开发工程师（2024届校园招聘）","上海-普陀","150-200/天"
"9","上海普元信创软件技术有限公司","软件开发实习生","上海-浦东","4千-6千"
"10","合肥凯捷技术有限公司","java开发工程师","上海-徐汇","1万-1.4万"
"11","上海萌奕文化传播有限公司","Java系统开发实习生","上海-徐汇","180-250/天"
"12","上海飞奥燃气设备有限公司","软件开发工程师（23年应届生招聘）","上海-浦东","8千-1.4万"
"13","上海平欣电子有限公司","Java开发工程师(初级)","上海-浦东","9千-1.2万"
"14","京北方","java开发工程师（唐镇）","上海-浦东","1.3万-2万"
"15","广州宝巨科技有限公司","Java开发工程师","上海-杨浦","1万-2万"
"16","上海博为峰软件技术股份有限公司","Java开发工程师","上海-浦东","1.3万-1.8万"
"17","北京中佳瑞通科技有限公司","初中高级java工程师","上海-浦东","1.1万-1.5万"
"18","北京高阳金信信息技术有限公司","Java开发工程师(J10014)","上海-浦东","1万-1.5万"
"19","维恩贝特科技有限公司","Java开发工程师(上海）","上海-浦东","1.2万-1.8万"
"20","凌志软件","对日Java开发","上海-普陀","8千-1.5万"
"21","京北方","中级Java开发工程师","上海-浦东","1.2万-1.7万"
"22","上海普元信创软件技术有限公司","2024届软件实习生","上海-浦东","150-200/天"
"23","上海嘉勉信息技术有限公司","Java开发工程师","上海","9千-1.4万"
"24","深圳市拓保软件有限公司","Java开发工程师（急招）","上海-浦东","1.3万-1.6万"
"25","仁卅信息科技(上海)有限公司","JAVA开发工程师（智能交通项目）","上海-普陀","8千-1.5万"
"26","远弘信息技术(上海)有限公司","Java开发工程师","上海-闵行","1.2万-2万"
"27","北京大美金信科技有限公司","Java开发工程师-上海市江场路","上海-静安","8千-1.1万"
"28","湖南金烽信息科技有限公司","Java开发工程师","上海-浦东","1.1万-1.6万"
"29","中科软科技股份有限公司","java开发（金保十部上海太平开发）","上海-浦东","1万-2万"
"0","上海德慧信息技术有限公司","Java中级开发工程师","上海-徐汇","1.1万-1.6万"
"1","北京鼎薪科技有限公司","Java开发工程师","上海-浦东","1万-2万"
"2","上海柏维信息技术有限公司","java开发工程师","上海-静安","1.2万-1.5万"
"3","经纬恒润","软件开发实习生(AI/Web/java/C++/Android)","上海-徐汇","130-200/天"
"4","上海中汇亿达金融信息技术有限公司","接口开发工程师（上海）","上海-浦东","1.2万-1.4万"
"5","上海石亭科技有限公司","Java开发工程师","上海","150-200/天"
"6","成都卓影科技股份有限公司","中级java开发工程师","上海-浦东","1.1万-1.5万"
"7","法本信息","Java开发工程师","上海-徐汇","1.3万-2.2万"
"8","韩泰轮胎","java开发工程师","上海-徐汇","7千-9千"
"9","海通安恒科技股份有限公司","JAVA开发工程师","上海-黄浦","1.2万-2万"
"10","吉贝克信息技术","java开发工程师","上海-浦东","1.5万-2万"
"11","上海春笛信息科技有限公司","Java开发工程师","上海-浦东","1.3万-1.4万"
"12","上海威联信息技术有限公司","中级Java开发工程师","上海-浦东","8千-1.6万"
"13","上海勤电信息科技有限公司","java软件开发工程师","上海","1.5万-2.2万"
"14","天阳科技","Java开发工程师","上海-浦东","1.3万-2万"
"15","沈阳东硕信息技术有限公司","java开发工程师（化工背景）","上海-宝山","8千-1.6万"
"16","盛唐科技(北京)有限公司","java开发-上海恒生","上海-浦东","1万-1.3万"
"17","上海平欣电子有限公司","Java（初级-江宁路）","上海-静安","8千-1.3万"
"18","上海晨钦信息科技服务有限公司","Java开发-上海","上海-浦东","1.3万-2.6万"
"19","东华软件股份公司","Java中级开发工程师","上海-浦东","面议"
"20","上海普元信创软件技术有限公司","java开发工程师","上海-浦东","1.3万-2万"
"21","上海优集工业软件有限公司","软件开发工程师","上海-浦东","1万-2万"
"22","申朴信息","Java开发工程师","上海-浦东","1.2万-2万"
"23","中软国际","初级JAVA开发【交总行项目+远程面试】","上海-浦东","面议"
"24","深圳华云信息系统有限公司","Java开发（外包）","上海-青浦","1万-1.1万"
"25","先进数通","Java开发工程师","上海-浦东","1.3万-1.6万"
"26","上海汉朔信息科技有限公司","Java开发工程师","上海-浦东","1.5万-2万"
"27","北京亚康万玮信息技术股份有限公司","Java开发工程师(J10560)","上海-青浦","1万-1.6万"
"28","兰州沐先信息科技咨询有限公司","Java开发工程师","上海-静安","6千-1.2万"
"29","沈阳东硕信息技术有限公司","c++开发工程师","上海-宝山","7千-1.4万"
"0","北京新致君阳信息技术有限公司","Java开发工程师","上海-浦东","1.2万-2.2万"
"1","北京乐可威信息技术有限公司","Java开发工程师","上海-闵行","1.4万-1.9万"
"2","深圳市鼎驰科技发展有限公司","java开发工程师","上海-浦东","1.2万-1.6万"
"3","京北方","java开发工程师（需出差，包住宿）","上海-黄浦","1.1万-1.8万"
"4","易思康(上海)信息技术有限公司","Java高级开发工程师（上海）","上海-闵行","1万-2万"
"5","上海合胜计算机科技股份有限公司","java实习生（24届）","上海-长宁","150-200/天"
"6","上海坤亿信息技术有限公司","java开发工程师","上海-浦东","1.3万-1.4万"
"7","上海玉越信息技术有限公司","Java开发工程师","上海-静安","面议"
"8","宜通华瑞","Java开发工程师","上海-浦东","1.8万-2.8万"
"9","上海伟豪建设工程有限公司","Java开发工程师","上海-静安","2万-2.5万"
"10","上海新晨信息集成系统有限公司","java开发","上海-浦东","9千-1.5万"
"11","沈阳东硕信息技术有限公司","初级C++开发工程师","上海-宝山","8千-1万"
"12","上海晨钦信息科技服务有限公司","Java开发工程师","上海-浦东","1.1万-1.4万"
"13","盛唐科技(北京)有限公司","Java开发工程师（外派恒生电子）","上海-浦东","1.4万-2万"
"14","苏州七剑软件有限公司","Java软件工程师","上海-浦东","1万-1.5万"
"15","北京神州新桥科技有限公司","java开发工程师","上海-浦东","1.3万-1.7万"
"16","上海晨钦信息科技服务有限公司","上海Java开发工程师","上海-浦东","1.2万-2.4万"
"17","上海汉升软件有限公司","中级Java开发工程师","上海-浦东","1.2万-2万"
"18","中科软科技股份有限公司","Java开发工程师","上海-浦东","8千-1.6万"
"19","上海嘉勉信息技术有限公司","java初级工程师","上海","6千-8千"
"20","维恩贝特科技有限公司","Java开发工程师","上海-浦东","1.1万-1.5万"
"21","上海晨钦信息科技服务有限公司","（上海）Java开发工程师（六险一金+年假）","上海-浦东","1.2万-1.4万"
"22","上海北玻玻璃技术工业有限公司","软件开发工程师","上海-松江","1.2万-2万"
"23","中软国际","Java工程师","上海-浦东","面议"
"24","福州世纪飞扬电子技术有限公司","Java开发工程师","上海-浦东","1.2万-1.9万"
"25","长亮科技","java开发工程师","上海-浦东","1.2万-1.9万"
"26","上海裕日软件有限公司","中级Java开发工程师","上海-浦东","1.5万-2万"
"27","平安国际融资租赁有限公司","2651AA-Java开发工程师","上海-浦东","1.8万-2万"
"28","博彦科技","✨JAVA开发（交行急招）","上海-浦东","1.2万-2万"
"29","上海建科集团股份有限公司","Java开发工程师","上海-金山","1.2万-2万"
"0","上海城市地理信息系统发展有限公司","Java高级开发工程师","上海-徐汇","1.6万-2万"
"1","深圳市拓保软件有限公司","初级Java（APP）","上海-浦东","8千-1.2万"
"2","安信证券","Java开发工程师实习生","上海-虹口","60-80/天"
"3","上海电科智能","Java开发工程师","上海-普陀","1万-1.4万"
"4","上海普元信创软件技术有限公司","24届-软件开发实习生","上海-浦东","4千-5千"
"5","探路工程项目管理(上海)有限公司","java实习生","上海","3千-6千"
"6","上海特速网络科技有限公司","Python软件开发工程师","上海-浦东","8千-1万"
"7","上海春笛信息科技有限公司","Java开发工程师","上海-静安","1.2万-1.5万"
"8","中科软科技股份有限公司","Java开发工程师-上海","上海-松江","1万-1.8万"
"9","软通动力信息技术(集团)股份有限公司","java开发工程师双休银行岗位","上海-浦东","1.3万-2.4万"
"10","上海儒一信息科技有限公司","java开发工程师","上海-浦东","1.1万-1.8万"
"11","重庆玉越信息技术有限公司","Java开发工程师(学信网可查)","上海-静安","9千-1.1万"
"12","上海坤亿信息技术有限公司","Java开发工程师","上海-长宁","1.3万-1.5万"
"13","中海电信有限公司","软件开发工程师","上海-杨浦","6千-1.1万"
"14","上海晨钦信息科技服务有限公司","java开发工程师","上海-浦东","1.7万-2万"
"15","北京神州数字科技有限公司","Java中级开发工程师（上海银行）","上海-浦东","1.1万-2.2万"
"16","上海西派埃智能化系统有限公司","高级Java开发工程师","上海","1万-2万"
"17","小鹏汽车","Java开发工程师(MJ007011)","上海-静安","1万-1.5万"
"18","华研信息技术(上海)有限公司","Java开发工程师","上海-浦东","1.4万-1.7万"
"19","上海锐赢","Java开发工程师（国企驻场+福利优）","上海-杨浦","1.2万-1.5万"
"20","博彦科技","java开发","上海-杨浦","1.3万-1.7万"
"21","深圳市睿服科技有限公司","Java开发工程师","上海-浦东","1.3万-2万"
"22","软通动力信息技术(集团)股份有限公司","Java高级开发工程师","上海-浦东","1.8万-2万"
"23","上海雄博精密仪器股份有限公司","软件开发工程师","上海","1.5万-2万"
"24","上海玉越信息技术有限公司","中级Java开发工程师","上海-徐汇","1万-1.8万"
"25","信华信技术(昆山)有限公司","java开发工程师","上海-浦东","1.5万-1.7万"
"26","上海北辰软件股份有限公司","java工程师","上海-浦东","1万-2万"
"27","北京中佳瑞通科技有限公司","初中高级java工程师","上海-浦东","1.1万-1.5万"
"28","软通动力信息技术(集团)股份有限公司","Java开发工程师","上海-宝山","1.2万-1.9万"
"29","大连元数科技有限公司","java开发工程师","上海-虹口","1.2万-1.6万"
"0","上海北辰软件股份有限公司","高级java工程师","上海-浦东","1万-2万"
"1","上海天正信息科技有限公司","Java开发工程师","上海-黄浦","1.2万-1.5万"
"2","华信永益(北京)信息技术有限公司","java开发工程师","上海-浦东","1.5万-2.5万"
"3","深圳新思","java开发工程师","上海-徐汇","1.1万-1.6万"
"4","上海坤亿信息技术有限公司","java开发（共享财务相关工作）","上海-嘉定","1.3万-1.4万"
"5","南京功城狮网络科技有限公司","Java开发工程师","上海-黄浦","1.2万-1.6万"
"6","北京卓为科技有限公司","Java开发工程师","上海-静安","1.5万-1.8万"
"7","上海中科软科技有限公司","java开发工程师（漕河泾）","上海-浦东","1万-1.4万"
"8","北京大美金信科技有限公司","java开发工程师（统招学信本科可线下面试）","上海-静安","1万-1.2万"
"9","上海汉朔信息科技有限公司","高级java开发工程师","上海-浦东","1.2万-1.9万"
"10","东华软件股份公司","前端开发开发工程师-浦发","上海-浦东","面议"
"11","同恩(上海)工程技术有限公司","Java研发工程师","上海-杨浦","250-300/天"
"12","上海翕振信息技术有限公司","Java开发工程师","上海-浦东","1.4万-1.8万"
"13","上海创旗天下科技股份有限公司","C/go研发工程师","上海-宝山","7千-1.2万"
"14","南京功城狮网络科技有限公司","Java开发工程师","上海-黄浦","1.2万-1.6万"
"15","上海锐赢","高级Java开发工程师（驻场+不加班）","上海-浦东","1.6万-2万"
"16","成都迈思信息技术有限公司","Java开发工程师(短期","上海-浦东","1.3万-1.4万"
"17","江苏智蓝信息科技有限公司","java开发","上海-徐汇","1.3万-2万"
"18","上海宝金信息科技有限公司","java开发中级工程师","上海-静安","1.5万-2.3万"
"19","北京高阳金信信息技术有限公司","银行java开发工程师(J10015)","上海-浦东","1万-1.5万"
"20","上海有大信息科技","中级java开发工程师（外派富国基金）","上海-浦东","1.2万-1.7万"
"21","上海浦东发展银行信用卡中心","高级软件开发工程师","上海-浦东","2万-3万"
"22","拉卡拉","研发培训生-（全国）","上海-浦东","8千-1.5万"
"23","赢时胜","Java开发工程师","上海-浦东","1.5万-2.3万"
"24","上海新晨信息集成系统有限公司","Java高级开发工程师","上海-徐汇","1.5万-2万"
"25","深圳华云信息系统有限公司","Java开发-（上海TCL-格创）","上海-青浦","1万-1.2万"
"26","上海今创信息技术有限公司徐州云龙分公司","java开发工程师","上海-长宁","1.5万-2万"
"27","软通动力信息技术(集团)股份有限公司","Java开发工程师","上海-浦东","1.3万-2万"
"28","新大陆支付","高级java开发工程师","上海-浦东","1.5万-2万"
"29","上海复深蓝软件股份有限公司","java初级工程师（学信本）","上海-徐汇","1.1万-1.3万"
"0","中科软科技股份有限公司","【外包】Java","上海-黄浦","1万-1.5万"
"1","帆立科技","Java开发工程师","上海-浦东","1.5万-2.4万"
"2","上海复深蓝软件股份有限公司","中高级Java开发（急招）","上海-浦东","1.7万-2.2万"
"3","中软国际","java开发工程师","上海-徐汇","面议"
"4","上海西派埃智能化系统有限公司","JAVA软件工程师","上海","8千-1.5万"
"5","上海微洛思科技有限公司","Java开发工程师","上海-闵行","1.5万-2万"
"6","安徽维思德信息技术有限公司","行业独角兽-Java应用开发","上海-徐汇","1.5万-3万"
"7","郑州海奥软件科技有限公司","Java开发工程师","上海-黄浦","1.2万-1.6万"
"8","合肥凯捷技术有限公司","Java开发工程师","上海-徐汇","1.2万-1.7万"
"9","上海必是科技有限公司","Java工程师","上海-宝山","1万-1.5万"
"10","大连英智科技有限公司","java中级开发工程师","上海-浦东","1.8万-2.3万"
"11","上海思创同行网络技术有限公司","Java开发工程师","上海-浦东","1.5万-2.5万"
"12","创新奇智(北京)科技有限公司","Java开发工程师","上海-徐汇","1万-1.8万"
"13","上海城市地理信息系统发展有限公司","软件开发工程师（应届）","上海-徐汇","1.3万-1.8万"
"14","上海余行商务信息咨询服务有限公司","Java中级开发工程师","上海-闵行","1.1万-2万"
"15","上海兴岩信息科技有限公司","Java开发工程师","上海-黄浦","1.4万-2万"
"16","上海筱漪企业管理有限公司","老程序员","上海-徐汇","1万-1.5万元/月"
"17","上海蓝鸟机电有限公司","java开发工程师","上海-普陀","1万-1.4万"
"18","杭州友声科技股份有限公司","中/高级Java开发工程师（上海-浦东新区）","上海-浦东","1万-1.8万"
"19","新大陆支付","java开发工程师","上海-浦东","1.2万-1.5万"
"20","华荣股份","Java软件工程师","上海-嘉定","7千-1.1万"
"21","武汉佰钧成技术有限责任公司","java开发工程师","上海-浦东","1.3万-1.8万"
"22","上海乐雅健康科技有限公司","Java开发工程师","上海-浦东","1.6万-2万"
"23","京北方","中/高级Java开发工程师","上海-浦东","1.4万-1.9万"
"24","上海天籍信息科技有限公司","Java中级程序员","上海-虹口","1.5万-2万"
"25","电讯盈科信息技术(广州)有限公司","软件工程师（TT项目）","上海-普陀","8千-1万"
"26","盛唐科技(北京)有限公司","java开发-学信网本科","上海-浦东","1.3万-1.5万"
"27","上海锐赢","初/中/高级Java（基金公司驻场+待遇优）","上海-浦东","1.3万-2万"
"28","上海鸣皋教育科技有限公司","中级Java开发工程师","上海-宝山","1万-2万"
"29","信必优","Java大数据平台开发","上海-黄浦","1.6万-1.8万"
"0","上海春笛信息科技有限公司","全栈工程师（做过java和vue项目）","上海-浦东","1.4万-1.6万"
"1","上海逸羽企业管理咨询有限公司","java开发工程师","上海-浦东","2万-2.8万"
"2","上海有大信息科技","Java（微服务）","上海-浦东","1.3万-1.8万"
"3","上海磊璨信息科技有限公司","java开发工程师","上海-杨浦","1.5万-2.5万"
"4","上海中远海运资讯科技有限公司","Java开发工程师","上海","1.5万-3万"
"5","电讯盈科信息技术(广州)有限公司","助理软件工程师（实习生）","上海-普陀","200-250/天"
"6","浪潮集团","Java开发工程师","上海-浦东","9千-1.8万"
"7","世纪怡嘉软件科技有限公司","Java开发工程师","上海-嘉定","1.5万-2.2万"
"8","新宇联安信息科技(北京)有限公司","java工程师","上海-浦东","1.2万-2万"
"9","北京汉克时代科技有限公司","java开发工程师（有资产分析相关接口开发）","上海-静安","1.2万-2.2万"
"10","上海儒一信息科技有限公司","Java开发工程师","上海-黄浦","1.3万-2.5万"
"11","软通动力信息技术(集团)股份有限公司","Java开发（宁德时代）","上海-闵行","1.8万-2.3万"
"12","上海普元信创软件技术有限公司","java高级开发工程师","上海-浦东","1.4万-2万"
"13","上海儒一信息科技有限公司","Qt开发工程师","上海-浦东","1.3万-1.8万"
"14","上海易碳数字科技有限公司","高级java开发工程师","上海","1.5万-2.1万"
"15","中科软科技股份有限公司","Java开发工程师","上海-浦东","1.2万-2万"
"16","兴业信托","软件开发岗","上海","面议"
"17","上海森永工程设备有限公司","软件工程师-2023校招","上海","8千-1.4万"
"18","上海中科新微信息科技园有限公司","Php开发工程师-满樽网络","上海","1万-1.4万"
"19","埃林哲","java开发工程师","上海-青浦","1.6万-2.9万"
"20","北京卓为科技有限公司","Java工程师","上海-浦东","1.5万-1.8万"
"21","上海坤亿信息技术有限公司","项目开发工程师（JAVA中级）","上海-长宁","1.4万-1.5万"
"22","中联投(上海)数字科技有限公司","Java开发工程师","上海-杨浦","1万-2万"
"23","北京神州数字科技有限公司","java开发工程师","上海-浦东","1.4万-2.2万"
"24","郑州软通合力计算机技术有限公司","Java高级开发工程师","上海-浦东","1.5万-2.3万"
"25","京北方","产品工程师","上海-虹口","1.2万-1.4万"
"26","法本信息","高级Java开发工程师","上海-普陀","1.7万-2.1万"
"27","上海识装信息科技有限公司","高级Java开发工程师","上海","2.5万-4万"
"28","上海坤亿信息技术有限公司","Java开发工程师","上海-长宁","1.3万-2万"
"29","北京大美金信科技有限公司","java开发工程师-8年以上-上海市嘉定区安虹路","上海-嘉定","1.5万-1.8万"
"0","华乘科技","C++/QT开发工程师","上海-闵行","1.8万-3.5万"
"1","中电金信软件有限公司","java开发工程师","上海-普陀","1.7万-2.3万"
"2","上海有大信息科技","java工程师","上海-浦东","1.3万-2万"
"3","上海仰源自动化技术有限公司","C#软件开发工程师","上海","8千-1万"
"4","顶点软件","软件研发工程师（2023届）","上海-浦东","1.1万-1.6万"
"5","易诚互动","中高级Java工程师","上海-浦东","1.1万-1.8万"
"6","宜通华瑞","Java开发工程师","上海-浦东","2万-3.5万"
"7","善能生态集团有限公司","Java开发工程师","上海-浦东","2万-2.5万"
"8","深圳市拓保软件有限公司","中高级java（急招不加班）","上海-浦东","1.2万-2.1万"
"9","四维医学","软件开发工程师","上海","1.3万-2.1万"
"10","北京开科唯识技术股份有限公司深圳分公司","Java开发（太平金科）","上海-浦东","1.5万-2万"
"11","上海锐赢","高级Java开发工程师（驻场+不加班）","上海-浦东","1.5万-2万"
"12","杭州同帆科技有限公司","Java开发工程师","上海-徐汇","2.5万-4万"
"13","玉泉区力驰互联网科技工作室","php开发工程师【税后高薪】","上海-黄浦","1万-1.3万"
"14","上海锐赢","初中级java(基金公司驻场+金融项目经验）","上海-浦东","1.1万-1.6万"
"15","上海中汇亿达金融信息技术有限公司","高级Java开发工程师（上海）","上海-浦东","1.3万-1.6万"
"16","康嘉信息","高级Java开发工程师","上海-闵行","1.8万-2.2万"
"17","东方国信","中高级Java开发工程师（JR2bp）","上海-浦东","1.2万-2.4万"
"18","深圳市睿服科技有限公司","java开发工程师","上海-浦东","1.7万-2万"
"19","易诚互动","Java开发工程师","上海-浦东","1.3万-1.7万"
"20","深圳市嘉卉互联科技有限公司","Java开发工程师","上海-浦东","1.5万-2.5万"
"21","京北方","Java开发工程师","上海-浦东","1.2万-2.1万"
"22","易宝软件科技(南京)有限公司","java开发工程师","上海-闵行","1.3万-2.3万"
"23","用友网络科技股份有限公司","Java高级开发工程师","上海","1.8万-2.3万"
"24","上海有大信息科技","java工程师","上海-浦东","1.3万-1.8万"
"25","法本信息","Java开发工程师（大厂急招，线上面试）","上海","1.4万-2.4万"
"26","上海比孚信息科技有限公司","Java开发工程师","上海-杨浦","1.5万-3万"
"27","上海中科软科技有限公司","中高级java开发工程师（保险项目/非车险）","上海-浦东","1.5万-2万"
"28","拜特科技","Java软件工程师（上海）","上海-长宁","1.2万-1.8万"
"29","法本信息","Java开发工程师（线上面试+保险项目）","上海-虹口","1.2万-1.6万"
"0","天阳科技","Java开发工程师","上海-浦东","2.2万-2.8万"
"1","中储智运","JAVA开发工程师（供应链平台）","上海-浦东","1.5万-3万"
"2","上海安进投资管理有限公司","Java高级开发工程师","上海","1.5万-3万"
"3","鹏讯科技(大连)有限公司","Java开发工程师","上海-黄浦","1.3万-1.5万"
"4","宜通华瑞","Java开发工程师","上海-浦东","2万-3万"
"5","合肥凯捷技术有限公司","Java","上海","1.4万-1.8万"
"6","上海新华控制技术集团科技有限公司","高级Java开发工程师","上海-闵行","2万-3万"
"7","京北方","Java开发工程师","上海-黄浦","1.3万-1.9万"
"8","经纬恒润","云平台开发工程师-Java方向-汽车电子工程咨询（上海）","上海-徐汇","1万-2万"
"9","上海锐赢","高级Java开发工程师","上海-浦东","1.7万-2万"
"10","深圳极联信息技术股份有限公司","Java开发工程师","上海-浦东","1.8万-2.2万"
"11","北京大美金信科技有限公司","java开发工程师-5年以上-上海市嘉定区安虹路","上海-嘉定","1.1万-1.5万"
"12","上海新朋程数据科技发展有限公司","java软件开发主管","上海","1.8万-2.2万"
"13","软通动力信息技术(集团)股份有限公司","Java开发工程师","上海-浦东","1.6万-2万"
"14","上海德慧信息技术有限公司","高级Java开发工程师","上海-松江","1.5万-2万"
"15","南京零探智能科技有限公司","PHP开发工程师","上海-徐汇","2.5万-3.5万"
"16","烟台鲁科思科技有限公司","【赴日工作签证】赴日Java开发程序员","上海-静安","1万-2万"
"17","博彦科技","高级JAVA开发（地铁口周末双休）","上海-浦东","1.8万-2.2万"
"18","上海药明生物技术有限公司","JAVA开发工程师/生信","上海-浦东","1万-2万"
"19","法本信息","Java工程师，线上面试（易过）","上海-浦东","1.4万-2.6万"
"20","京北方","Java开发（项目经理）","上海-浦东","2.3万-2.8万"
"21","北京深度创远教育科技有限公司","Java开发工程师（上海/金融行业）","上海-徐汇","1.8万-3.5万"
"22","上海熙软科技有限公司","java高级开发工程师","上海-杨浦","1.8万-2.1万"
"23","拼多多","高级Java开发工程师","上海-长宁","3万-6万"
"24","上海坤亿信息技术有限公司","中级Java开发工程师（电商零售行业）","上海-长宁","1.4万-1.5万"
"25","深圳极联信息技术股份有限公司","Java开发工程师-金融（上海）","上海-虹口","1.8万-2.2万"
"26","北京深度创远教育科技有限公司","Java开发工程师","上海-徐汇","2万-4万"
"27","软通动力信息技术(集团)股份有限公司","银行Java开发（中高级）","上海-浦东","1.5万-2万"
"28","上海顺凯信息技术有限公司","Java研发工程师","上海-杨浦","1.2万-2万"
"29","信必优(深圳)信息技术有限公司","Java开发（外派，长期项目）金融经验","上海-浦东","1万-1.5万"
"0","重庆玉越信息技术有限公司","Java开发工程师（学信网可查）","上海-浦东","1.3万-1.9万"
"1","软通动力信息技术(集团)股份有限公司","java开发工程师","上海-虹口","1万-1.5万"
"2","上海萌飞萌科技有限公司","JAVA软件开发工程师","上海-浦东","2万-4万"
"3","上海有大信息科技","java工程师","上海-浦东","1.3万-2万"
"4","先进数通","c开发工程师","上海-浦东","1.6万-2.3万"
"5","埃森哲(中国)有限公司","软件工程师","上海-静安","面议"
"6","上海畅启软件有限公司","高级Java开发工程师","上海-长宁","1.5万-2.6万"
"7","华为技术有限公司","Java","上海-浦东","面议"
"8","上海有大信息科技","C++开发工程师","上海-浦东","1.2万-1.8万"
"9","上海太屋网络科技有限公司","java开发","上海-徐汇","2万-3万"
"10","中科软科技股份有限公司","Java开发工程师","上海-浦东","1.5万-1.9万"
"11","上海信息人才服务有限公司","golang工程师","上海-浦东","1.6万-2万"
"12","上海登飞计算机科技有限公司","java项目经理","上海-徐汇","1.6万-2.8万"
"13","东华软件股份公司","中/高级软件开发工程师-浦发","上海-浦东","面议"
"14","央广云听文化传媒有限公司","java开发工程师","上海","2万-2.5万"
"15","中电金信软件有限公司","Java开发工程师","上海-浦东","1万-2万"
"16","华为技术有限公司","软件开发工程师","上海-浦东","面议"
"17","上海申铁杰能信息科技有限公司","上位机软件开发工程师","上海-静安","1.3万-1.8万"
"18","金桥信息","高级Java开发工程师（2023ZFH05）","上海","1.8万-2.4万"
"19","中科软科技股份有限公司","Java高级开发工程师","上海","1.2万-1.6万"
"20","上海太屋网络科技有限公司","java","上海-静安","1.2万-2.4万"
"21","上海坤亿信息技术有限公司","Java开发工程师","上海-长宁","1.4万-1.5万"
"22","法本信息","java【本科，金融经验优先】","上海-虹口","1.4万-1.8万"
"23","上海锐赢","Java开发工程师(保险公司驻场+K8S）","上海-虹口","1.6万-2.1万"
"24","上海春笛信息科技有限公司","全栈开发工程师","上海-浦东","1.7万-1.9万"
"25","东华软件股份公司","中/高级软件开发工程师-风控方向-浦发","上海-浦东","面议"
"26","上海新华传媒文化传播有限公司","Java开发工程师","上海-宝山","1.5万-2.5万"
"27","锐捷网络股份有限公司","平台开发工程师","上海-徐汇","1.8万-3.5万"
"28","上海微创软件股份有限公司","游戏go开发工程师","上海-浦东","1.5万-1.6万"
"29","博彦科技","Golang开发工程师","上海-徐汇","2万-3万"
"0","上海外高桥企业发展促进中心有限公司","java开发工程师","上海","1.8万-2.5万"
"1","上海柏维信息技术有限公司","java开发组长（出差）","上海-静安","1.7万-2.1万"
"2","北京路安迈普科技发展有限公司","软件开发工程师","上海-闵行","1万-2万"
"3","中电金信软件有限公司","初中高java开发工程师（银行项目）","上海-浦东","1.2万-2.1万"
"4","华为技术有限公司","Java开发工程师","上海","面议"
"5","柯莱特科技有限责任公司","java开发工程师","上海-浦东","1.8万-1.9万"
"6","深圳市嘉卉互联科技有限公司","java工程师","上海-浦东","1.5万-2.5万"
"7","上海微创软件股份有限公司","Golang开发工程师","上海-浦东","1.5万-1.6万"
"8","北京联龙博通电子商务技术有限公司","高级&资深java开发","上海-长宁","1.9万-2.3万"
"9","北京开科唯识技术股份有限公司深圳分公司","中级java开发工程师（上海）","上海-浦东","1.6万-1.7万"
"10","契约锁","Java开发工程师","上海-闵行","2万-3万"
"11","大连斯锐信息技术有限公司","Java开发工程师","上海-浦东","1.9万-2万"
"12","上海电机系统节能工程技术研究中心有限公司","mes开发全栈工程师","上海","1.8万-2.5万"
"13","浪潮集团","Java开发经理【企业金融】","上海-浦东","1.2万-2.4万"
"14","中科软科技股份有限公司","Java开发工程师","上海-虹口","8千-1.6万"
"15","上海太屋网络科技有限公司","java开发工程师","上海-徐汇","2万-2.8万"
"16","法本信息","中级java开发工程师（学信网本科）","上海-静安","1.5万-2万"
"17","中软国际","Java开发工程师（双休+年终）","上海-徐汇","面议"
"18","上海派拉软件股份有限公司","C++开发工程师","上海-浦东","2万-3.5万"
"19","万达信息","Java全栈技术高级开发工程师","上海-闵行","3万-3.5万"
"20","上海坤亿信息技术有限公司","JAVA（共享财务产品方向）","上海-嘉定","1.2万-1.4万"
"21","上海汉朔信息科技有限公司","java工程师","上海-浦东","1.3万-2万"
"22","上海共睿信息技术有限公司","java开发工程师","上海-浦东","1.5万-1.9万"
"23","申朴信息","Java开发工程师","上海-浦东","1.3万-2.4万"
"24","厦门至恒融兴信息技术股份有限公司","上海软件工程师（JAVA）-双休-技术新(J11777)","上海-浦东","1.5万-2万"
"25","上海知从科技有限公司","车联网软件工程师","上海","1万-1.5万"
"26","北京神州数字科技有限公司","Java开发工程师（兴业银行）","上海-浦东","1.3万-1.8万"
"27","厦门至恒融兴信息技术股份有限公司","JAVA开发-上海SH","上海-浦东","1.5万-2万"
"28","上海复深蓝软件股份有限公司","java中级开发【SaaS平台】","上海-浦东","1.5万-1.8万"
"29","昆仑太科(北京)技术股份有限公司","Java开发工程师","上海","1.4万-1.8万"
"0","中电金信软件有限公司","rpa工程师（Java）","上海-徐汇","1.2万-1.8万"
"1","上海复深蓝软件股份有限公司","Java开发【保险小程序】","上海-浦东","1.5万-1.8万"
"2","中征(北京)征信有限责任公司","技术管理1","上海-浦东","1万-2万"
"3","中电金信软件有限公司","Java开发工程师","上海-浦东","1.6万-1.9万"
"4","上海微创软件股份有限公司","Golang开发工程师","上海-浦东","1.5万-1.6万"
"5","天阳科技","中级Java开发工程师","上海-黄浦","1.5万-2.1万"
"6","格林豪泰酒店（中国）有限公司","资深Java工程师","上海-嘉定","2.5万-3万"
"7","博彦科技承德有限公司","大数据平台Java工程师","上海-浦东","1.5万-1.6万"
"8","厦门至恒融兴信息技术股份有限公司","Java开发工程师","上海-黄浦","1.3万-2万"
"9","万达信息","JAVA全栈高级开发工程师","上海-闵行","2万-3万"
"10","华为技术有限公司","软件开发工程师","上海-浦东","面议"
"11","长亮科技","Java中级开发工程师","上海-浦东","1.8万-2.2万"
"12","上海坤亿信息技术有限公司","中/高级java（企业级的应用系统迁移项目）","上海-浦东","1.5万-2万"
"13","先进数通","高级Java开发工程师","上海-浦东","1.5万-2.2万"
"14","金锐软件技术(杭州)有限公司","c/c++","上海-浦东","1.9万-2.4万"
"15","东华软件股份公司","数据开发工程师-浦发","上海-浦东","面议"
"16","大连斯锐信息技术有限公司","【双休长期驻场】Java","上海-虹口","1.5万-1.6万"
"17","易宝软件科技(南京)有限公司","Java工程师（基金证券项目经验）","上海-浦东","1.2万-1.4万"
"18","中科软科技股份有限公司","Java工程师","上海-虹口","1.4万-2.5万"
"19","拼多多","Java开发工程师","上海","3.5万-6万"
"20","新意科技","c++开发工程师","上海-普陀","1.5万-3万"
"21","上海卓畅信息技术有限公司","C#软件开发工程师","上海-浦东","1.7万-2.5万"
"22","永升物业","研发工程师-java","上海-闵行","1.8万-2.2万"
"23","中电金信软件有限公司","Java开发工程师","上海","1.5万-2.5万"
"24","上海汉升软件有限公司","Java工程师","上海-徐汇","1.2万-1.8万"
"25","上海倍通医药科技咨询有限公司","高级java工程师-SH","上海-黄浦","1.8万-2.8万"
"26","上海太屋网络科技有限公司","java开发工程师","上海-徐汇","2万-2.5万"
"27","上海云瀚科技股份有限公司","高级Java开发工程师","上海-徐汇","1.8万-3万"
"28","上海锐赢","高级java开发工程师（驻场+不加班）","上海-浦东","1.5万-1.8万"
"29","中电金信软件有限公司","Java开发（银行+双休）","上海-浦东","1.3万-2.1万"
